:1000000000800020BD010000799F0000359F0000A6
:10001000359F0000359F0000359F0000359F000090
:10002000359F0000359F0000359F0000799F00003C
:10003000799F0000359F0000419400004594000026
:10004000799F0000799F0000799F0000799F000050
:10005000799F0000799F0000799F0000799F000040
:10006000799F0000799F0000799F0000799F000030
:10007000799F0000799F0000799F0000799F000020
:10008000799F0000799F0000799F0000799F000010
:1000900025240000799F0000799F0000799F0000CF
:1000A000799F0000799F0000799F0000799F0000F0
:1000B000799F0000E1890000ED890000F1890000CE
:1000C000FD890000018A0000058A0000799F000078
:1000D000799F0000799F0000799F0000799F0000C0
:1000E000799F0000799F0000799F0000799F0000B0
:1000F000799F0000799F0000799F0000ADAE00005D
:10010000799F0000D5B50000799F0000799F00001D
:10011000799F0000799F0000799F0000799F00007F
:10012000799F0000799F0000799F0000799F00006F
:10013000799F0000799F0000799F0000799F00005F
:10014000799F0000799F0000799F0000799F00004F
:10015000799F0000799F0000799F0000799F00003F
:10016000799F0000D9B80000799F0000799F0000B6
:10017000799F0000799F0000799F0000799F00001F
:10018000799F0000799F0000799F0000799F00000F
:10019000799F0000799F0000799F0000799F0000FF
:1001A000799F0000799F0000799F0000799F0000EF
:1001B000799F0000799F0000799F0000574B4CF217
:1001C000205210B5DA814DF62812DA8100BF00BF47
:1001D00009F0D6FE524B4FF010621A63514A9A63EF
:1001E000514ADA63514A136913F4807303D153619E
:1001F0004FF4A85313614E4B9A78110703D59A78A0
:1002000042F008029A704B4B4B482A221A704B4B13
:10021000DA1C121AC11E22F00302994288BF002282
:10022000474909F0B3FD474B4748DA1C121AC11E73
:1002300022F00302994288BF002200210DF076FFD0
:10024000424943484FF4DE7209F0A0FD414B424A57
:10025000802103F8011B9342FBD14FF0E0233C4A7D
:10026000C3F8082D3D4B8A221A70A3F5805324222F
:100270005A70A0221A709A799207FCD59A79D406FE
:10028000FCD4374B9A7902F00C02082AFAD10322E7
:100290001A7140225A719A799006FCD5304A9379A6
:1002A0005906FCD51E4B2F4959640221996420211F
:1002B0001170917901F00C010C29FAD12A4A5A6087
:1002C0004FF0E023294A5A6100229A6107221A61FD
:1002D000274AC3F8202D62B609F084FF134B5B69EF
:1002E000DA0705D5234809F071FF234B234ADA6169
:1002F000234B1B785B0609D51F4C204BE2699A42C1
:1003000004D11C4809F062FF0023E36109F03EFEBE
:100310000EF002F809F032FDFEE700BF00200540B4
:1003200000800440823F04000100002B00D0034005
:1003300000D0074000E007402087FF1F6891FF1FA3
:10034000645B01000CD9FF1F6891FF1F00000000D3
:100350000082FF1F00E400E05FE400E00050064080
:100360000040064000000301C0100500FF760100B8
:10037000000020205AC2066600E00340A5C3945A3C
:1003800000F00740FFFFFFFFFFFFFFFFFFFFFFFF42
:10039000FFFFFFFFFFFFFFFFFFFFFFFFFFFFFFFF6D
:1003A000FFFFFFFFFFFFFFFFFFFFFFFFFFFFFFFF5D
:1003B000FFFFFFFFFFFFFFFFFFFFFFFFFFFFFFFF4D
:1003C000FFFFFFFFFFFFFFFFFFFFFFFFFFFFFFFF3D
:1003D000FFFFFFFFFFFFFFFFFFFFFFFFFFFFFFFF2D
:1003E000FFFFFFFFFFFFFFFFFFFFFFFFFFFFFFFF1D
:1003F000FFFFFFFFFFFFFFFFFFFFFFFFFFFFFFFF0D
:10040000FFFFFFFFFFFFFFFFFFFFFFFFDEF9FFFF23
:100410000548064B1B1AD90F01EBA301491002D066
:10042000034B03B1184770476891FF1F6891FF1F86
:100430000000000008B5054B1BB105490548AFF3A6
:100440000080BDE80840FFF7E3BF00BF00000000E8
:100450006891FF1F645B010010B53422002104463F
:100460000DF064FE184904F1300304F1640243F80E
:10047000041F9A42FBD13422002104F168000DF0E0
:1004800055FE0023002211481149C4F89C30C4F8DD
:10049000A030C4F8A430C4F8A830C4F8B000C4F840
:1004A000B83047F23050012384F8DC20C4F8F00063
:1004B000C4F8AC10C4F8B410C4F8E420A4F8C42004
:1004C000C4F8F430204610BD0000A0400000C8C2AF
:1004D000000048430023C0F8E4308B7A91F809C04B
:1004E000CA7A1B0143EA1C1343EA0233C0F8E43022
:1004F000704700BF012A38B505460C4614D00223C8
:10050000C0F8F4304B7B087B1B01DBB243EA1010D0
:100510000CF036FD4FF07C510CF086FD2C490CF0B0
:1005200079FCC5F8A00038BDC0F8F420CB7BFD2BCA
:1005300049D0087ADE2828D9C87A0CF021FD4FF07E
:100540007C510CF071FD23490CF064FCC5F8A0004F
:10055000207BEF282DD80CF013FD4FF07C510CF0D0
:1005600063FD1C490CF056FCC5F8A400607BEF2825
:1005700025D80CF005FD4FF07C510CF055FD1549C8
:100580000CF048FCC5F8A80038BD0CF0F9FC4FF0A1
:100590007C510CF049FD0F490CF03CFCC5F8A00063
:1005A000E27AA37A03EB0223C5F8E430207BEF283C
:1005B000D1D90020C5F8A400607BEF28D9D9002349
:1005C000C5F8A83038BD887AFD28A1D138BD00BF54
:1005D0000000204200002C4290F8CC00704700BF81
:1005E00090F8C800704700BF90F8D000704700BF77
:1005F00090F8D400704700BF0D2994BF50F8210037
:10060000002070472DE9F0410C4E8046051F00F197
:10061000300755F8044F314620460CF0A3FE034640
:1006200020462BB1D8F8BC100CF0BAFE00B126461B
:10063000BD42EED13046BDE8F08100BF0000204150
:100640002DE9F843D0F8BC800F4F4FF00009051F8B
:1006500000F1300655F8044F414620460CF0A0FE4C
:100660000346394620464BB10CF07CFE0346494612
:1006700020461BB10CF094FE00B1A146B542E9D171
:100680004846BDE8F88300BF0000A0402DE9F84FC0
:10069000D0F8BC90174F83460026051F00F13008A4
:1006A0004FF0000A55F8044F494620460CF078FEFA
:1006B0000346394620464BB10CF054FE30B130466B
:1006C00021460CF0A9FB0AF1010A06464545E9D18D
:1006D000CBF8E0A0BAF1000F08D050460CF050FC67
:1006E000014630460CF054FDBDE8F88F0020BDE80F
:1006F000F88F00BF0000A040D0F8E000704700BFB6
:1007000038B5D0F8F430012B0ED1D0F8D8307BB901
:10071000D0F8A440D0F8A050214628460CF022FE84
:1007200020B92C46204638BDD0F8A040204638BD20
:10073000273350F82340204638BD00BFD0F8F430AE
:10074000012B2DE9F041044647D1D0F8D830002BD9
:1007500048D1D0F8A050D0F8A460284631460CF01B
:100760005BFBD4F8A870394680460CF055FB5F4916
:100770000CF00EFD4FF07C51044628460CF010FEA4
:100780004FF07C51002833D128460CF0EBFD30B1FE
:100790004FF07C5130460CF003FE002872D14FF030
:1007A0007C5128460CF0FCFD002834D14FF07C51E0
:1007B00030460CF0F5FD38B14FF07C5138460CF066
:1007C000D1FD002840F090804FF07C5138460CF06D
:1007D000E7FD00286DD03C4601E0D0F8A04020465F
:1007E000BDE8F081273350F823402046BDE8F08172
:1007F00030460CF0D5FD4FF07C51002836D03846FD
:100800000CF0CEFD0028EAD14FF07C5128460CF0C8
:10081000A9FD00284FD14FF07C5130460CF0A2FDCD
:100820004FF07C5100283ED038460CF0B9FD00282E
:1008300049D14FF07C5130460CF0B2FD68B14FF019
:100840007C5138460CF08EFD002846D14FF07C518B
:1008500030460CF087FD0028A8D04FF07C51384678
:100860000CF080FD0028A1D02C46B8E728460CF0FB
:1008700079FD0028CFD04FF07C5130460CF090FD30
:100880000028C8D04FF07C5138460CF089FD002874
:1008900085D0394630460CF0BFFA4FF07C510CF051
:1008A000C3FB04469BE730460CF07AFD0028CDD010
:1008B000C5E70F4C93E74FF07C5138460CF070FDC4
:1008C0000028A8D0E5E7394628460CF0A5FA4FF0F5
:1008D0007C510CF0A9FB044681E74FF07C51404667
:1008E0000CF0A2FB04467AE7344678E7000040406B
:1008F0000000A0C2D0F8F430012B70B5044620D11E
:10090000D0F8D8300BBBD0F8A0604FF07C51304607
:100910000CF046FDD4F8A450E0B9D4F8A8404FF04C
:100920007C5128460CF03CFD68B1314628460CF05D
:1009300019FD40B1214628460CF014FD18B12C4693
:1009400001E0D0F8A040204670BD273350F8234086
:10095000204670BD304629460CF004FDD4F8A8406E
:100960000028DCD0304621460CF0FCFC0028D6D014
:100970003446E8E72DE9F041064684B014460329E1
:100980003ED8DFE811F004003201F800E700002350
:1009900080F8EC30907A537A000100EB131000F5E8
:1009A0007A700CF0EDFAAE490CF03EFB3060207B23
:1009B000637B000900EB031000F57A700CF0E0FA9D
:1009C000A7490CF031FBB060207BE37A000200F411
:1009D0007060184400F57A700CF0D2FAA0490CF05F
:1009E00023FB7060E07BA37B000200F4706018447E
:1009F00000F57A700CF0C4FA99490CF015FBF06020
:100A00003046FFF777FFD6F8AC1004460CF0AAFC8E
:100A100008B1C6F8AC40D6F8F430012B0FD1D6F8A7
:100A2000D830002B40F09280D6F8A050D6F8A440E1
:100A3000284621460CF096FC18B92C4601E0D6F861
:100A4000A040D6F8B00021460CF08CFC08B1C6F8E6
:100A5000B040DFF81082341F06F13007A06B54F865
:100A6000045F29460CF09CFC034628462BB1D6F8BF
:100A7000BC100CF08BFC00B16563A16E28460CF035
:100A80008FFC0346414628461BB10CF089FC00B19F
:100A9000A566A742E2D196F8EC3043B9724B1B68C9
:100AA0000093009BC6F8E83004B0BDE8F0816E4CBE
:100AB000D6F8E83022680192019AD6F8F010D21ADE
:100AC0008A4232D222680292029A0B449B1A41F265
:100AD00087329342E8D8022164480BF0C5FB644892
:100AE00008F072FE062163480BF0BEFB96F8DC109E
:100AF0005F4800230A2208F07FFE19215E480BF0B0
:100B0000B3FB2168D6F8E830D6F8F0200391039CB7
:100B100057489918091B00230A2208F06DFE544813
:100B200004B0BDE8F04108F04FBE2022002130465D
:100B30000DF0FCFA0023C6F89C30C6F8A030C6F8C9
:100B4000A430C6F8A83004B0BDE8F081273356F8C9
:100B5000234076E7002380F8EC30907A537A000146
:100B600000EB131000F57A700CF00AFA3C490CF017
:100B70005BFA306344E7002380F8EC30907A537AD4
:100B8000000100EB131000F57A700CF0F9F934490C
:100B90000CF04AFA3062207B637B000900EB031003
:100BA00000F57A700CF0ECF92D490CF03DFAB062CA
:100BB000207BE37A000200F47060184400F57A703C
:100BC0000CF0DEF926490CF02FFA7062E07BA37B73
:100BD000000200F47060184400F57A700CF0D0F94F
:100BE0001F490CF021FAF0620AE7002380F8EC308C
:100BF000907A537A000100EB131000F57A700CF034
:100C0000BFF917490CF010FA3061207B637B0009B3
:100C100000EB031000F57A700CF0B2F910490CF0FB
:100C200003FAB061207BE37A000200F4706018449C
:100C300000F57A700CF0A4F909490CF0F5F970612F
:100C4000E07BA37B000200F47060184400F57A702A
:100C50000CF096F902490CF0E7F9F061D0E600BF1C
:100C60006F12833A0000A040C0D3FF1F7C500100E8
:100C7000FC89FF1F4C3D0100543D01002DE9F04768
:100C80000026D0F8BC90104FC0F89C608246051F2B
:100C900000F1300855F8044F494620460CF080FB1F
:100CA00003463946204653B10CF05CFB034621460F
:100CB000304623B10CF0B0F80646CAF89C00454512
:100CC000E8D13046BDE8F0870000A04002299ABF75
:100CD000283150F821000020704700BF3E2998BFFE
:100CE00080F8DC10704700BFD0F8F400704700BFF8
:100CF000D0F8E400704700BF90F8C400704700BF10
:100D000090F8C500704700BFC0F8D810704700BF0A
:100D100080F8C410704700BFC0F8C010704700BF13
:100D200080F8C510704700BF30B50F4CC0F8BC103C
:100D300083B020460D4608F047FD204608F044FDEC
:100D400028460BF04DFF0B4602210246009120463B
:100D500008F05EFD204608F037FD204603B0BDE8F0
:100D6000304008F031BD00BFFC89FF1F70B500F5B1
:100D70007455064600F12C0434352046F834FFF74C
:100D80006BFBAC42F9D106F592750124284600218F
:100D9000FFF7BEFF214628460134FFF79FFF3F2C97
:100DA00005F1F805F2D106F54053074830610021FE
:100DB0007161002205480649B061F16183F83E2D5A
:100DC0003046A3F83C2D70BD00007A440000484333
:100DD0000000C8C270B500F59274012500260DE030
:100DE000012620460021FFF79BFF294620460135BA
:100DF000FFF774FF3F2D04F1F8040FD02046FFF7F2
:100E00007BFF03462046002BEBD0FFF779FF064619
:100E10000028E5D101462046FFF77AFF304670BD35
:100E2000816270472DE9F04F00F5405383B093F88D
:100E30003E4D01933C2C00910ED9DFF89C8201239A
:100E400098F8062001996FF3000281F83E3D88F87A
:100E5000062003B0BDE8F08F0A2C40F27D81142CEF
:100E600005460ED9A4F11903DBB21E2B04D89B4A08
:100E700022FA03F3DA070CD4631CDFF85C82DBB2DE
:100E8000DEE7A4F10B02D2B240F21123D340DB071C
:100E9000F2D5019ADFF84082002382F83D3D05F546
:100EA0009276012705E001373F2F06F1F80600F0A2
:100EB00097803046FFF720FF0028F4D04FF0000B5A
:100EC0005C464FF00109A96AA8680BF0A5FF5946D6
:100ED00082463046FFF790FB014650460CF042FA3E
:100EE00018B109FA0BF323439CB20BF1010BBBF1D0
:100EF0000D0FE8D11CB1019A012382F83D3D009B02
:100F0000012B00F0D0800023754AC8F80830C8F8DB
:100F10000C30994644FA09F303F0010309F1010981
:100F2000DB00B9F1080F02F8013FF3D107F1FF3BF5
:100F3000BBF10B0F0AD8DFE80BF096928E8AA6A2BF
:100F40009E9AAEAAB206674BC8F80030B8F80630D1
:100F50006149654803F0FE0343F4006343F0010375
:100F6000A8F8063007F060FB012009F099FB5F4903
:100F7000082044FA09F313F0010309F1010914BF31
:100F800008700B70B9F10D0F01F10101F1D1FE23D1
:100F900088F80D304FF6FE63A8F80E30BBF10B0F4A
:100FA0000AD8DFE80BF04C504844403C3834302C31
:100FB00028064F4BC8F80030B8F8063046494A4872
:100FC00003F0FE0343F4006343F001030137A8F884
:100FD000063007F029FB3F2F06F1F8067FF469AFD2
:100FE000019A92F83D3D002B3FF429AF92F83E3D27
:100FF0000133DBB224E73F4BC8F80030DCE73E4B5F
:10100000C8F80030D8E73D4BC8F80030D4E73C4B77
:10101000C8F80030D0E73B4BC8F80030CCE73A4B7B
:10102000C8F80030C8E7394BC8F80030C4E7384B7F
:10103000C8F80030C0E7374BC8F80030BCE7364B83
:10104000C8F80030B8E7354BC8F80030B4E7344B87
:10105000C8F800307AE7334BC8F8003076E7324BF7
:10106000C8F8003072E7314BC8F800306EE7304BFB
:10107000C8F800306AE72F4BC8F8003066E72E4BFF
:10108000C8F8003062E72D4BC8F800305EE72C4B03
:10109000C8F800305AE72B4BC8F8003056E72A4B07
:1010A000C8F8003052E7294808F08EFB072128488D
:1010B0000BF0DAF83946254808F07EFB0321254875
:1010C0000BF0D2F8002310222146204808F094FBB0
:1010D0001E4808F079FB16E78091FF1F218410421B
:1010E0008791FF1FAF54551ACCD1FF1F8891FF1F66
:1010F000B054551AAE54551AAC54551A1B54551ABF
:101100001954551A1754551A1554551A1354551A7B
:101110001154551A0F54551A0B54551A0D54551A8B
:101120001054551A0E54551A0C54551A0A54551A7F
:101130001854551A1654551A1454551A1254551A4F
:10114000AB54551A1A54551AAD54551AFC89FF1F41
:10115000703D0100783D0100012C7FF48DAEDFF879
:101160001C828748B8F8063003F0FE0343F400639E
:1011700043F0010300254146A8F80630814BC8F82A
:101180000030C8F80850C8F80C5007F04DFA204657
:1011900009F086FA7C4B7A48C8F80030414607F0DF
:1011A00043FA204609F07CFA784B7548C8F80030BD
:1011B000414607F039FA204609F072FA744B70483C
:1011C000C8F80030414607F02FFA204609F068FAC7
:1011D000704B6B48C8F80030414607F025FA2046AE
:1011E00009F05EFA6C4B6648C8F80030414607F0DB
:1011F0001BFA204609F054FA684B6148C8F80030E1
:10120000414607F011FA204609F04AFA644B5C485F
:10121000C8F80030414607F007FA204609F040FAC6
:10122000604B5748C8F80030414607F0FDF92046AA
:1012300009F036FA5C4B5248C8F80030414607F0D6
:10124000F3F9204609F02CFA584B4D48C8F8003005
:10125000414607F0E9F9204609F022FA544B484884
:10126000C8F80030414607F0DFF9204609F018FAC7
:101270004FF0FE334146C8F80C3041484D4BC8F89A
:101280000030C8F8085007F0CFF9204609F008FAF6
:10129000494B3B48C8F80030414607F0C5F92046A5
:1012A00009F0FEF9454B3648C8F80030414607F0D2
:1012B000BBF9204609F0F4F9414B3148C8F8003039
:1012C000414607F0B1F9204609F0EAF93D4B2C48B8
:1012D000C8F80030414607F0A7F9204609F0E0F9C8
:1012E000394B2748C8F80030414607F09DF92046A1
:1012F00009F0D6F9354B2248C8F80030414607F0CE
:1013000093F9204609F0CCF9314B1D48C8F800305C
:10131000414607F089F9204609F0C2F92D4B1848DB
:10132000C8F80030414607F07FF9204609F0B8F9C7
:10133000294B1348C8F80030414607F075F920469C
:1013400009F0AEF9254B0E48C8F80030414607F0C9
:101350006BF9204609F0A4F9214B0948C8F8003080
:10136000414607F061F9204609F09AF9019A92F88E
:101370003E3D82F83D5D0133DBB261E58091FF1FA8
:10138000CCD1FF1F0A54551A0C54551A0E54551A35
:101390001054551A1254551A1454551A1654551AF5
:1013A0001854551A1A54551AAB54551AAD54551AA7
:1013B000AF54551A0B54551A0D54551A0F54551A4B
:1013C0001154551A1354551A1554551A1754551AC1
:1013D0001954551A1B54551AAC54551AAE54551A73
:1013E000B054551A38B50C6804F00F0CBCF10D0F51
:1013F00000D938BD0CF1010C0CEB0304C4EB441311
:1014000000EBC30015462C30FFF764F8012DF0D136
:10141000064808F0D9F92146044808F0CDF9BDE89E
:10142000384003480B210AF01FBF00BFFC89FF1F93
:101430007C3D0100F8B500F54057002300F57456D7
:10144000C7F8403D00F59274343602E0F834B442F7
:101450000FD02046FFF750FC0028F7D02046D7F8E1
:10146000405DFFF749F9F8340544B442C7F8405DE0
:10147000EFD1D7F8400DF8BD012B2DE9F04105461D
:101480000E46174608D0022B1C4603D14A7B0B6838
:10149000DF2A38D1BDE8F08108685FFA80F8A8F14A
:1014A0000B03302B0ED800F00F000BF069FD4FF04E
:1014B0007C510BF0B9FD4FF07E510BF0ADFC0BF001
:1014C00079FF8046C8EB481405EBC4042C34012195
:1014D0002046FFF71DFC01212046FFF721FC0122D9
:1014E00031462046FFF706F8012FD3D1184808F0FF
:1014F0006BF94146164808F05FF9BDE8F041154820
:101500000D210AF0B1BE03F00F0808F10108C8EB85
:10151000481300EBC3052C3501212846FFF7F8FBE3
:1015200001212846FFF7FCFB224631462846FEF7FC
:10153000E1FF012FAED1064808F046F941460448C4
:1015400008F03AF9BDE8F04103480D210AF08CBEDD
:10155000FC89FF1F883D0100983D010000F54053C4
:1015600093F83D3D03B17047F0B50B68A3F5D87310
:1015700083B005460C463E2B2CD8DFE803F0205004
:101580004A4D5356595C5F6265686B6E7174777A29
:101590007D808386898C8F9295989B9EA1A4E3E998
:1015A000A7ECAAADE62BB0B3B62BB9BCBF2BC2C516
:1015B000C82BCBCED12BD4D7DA2BDDE02D000027E2
:1015C0000126A37AFF2B05D0637BFF2B02D0E37BA0
:1015D000FF2B06D103B0F0BD02271026A37AFF2B04
:1015E000F8D0012A00F0BA80C6EB461605EBC60516
:1015F0002C3528460121FFF78BFB28460121FFF7F8
:101600008FFB22463946284603B0BDE8F040FFF77D
:10161000B1B902270126E1E703270126DEE701270A
:101620003E46CEE700270226CBE701270226C8E781
:1016300002273E46D2E703270226CFE700270326EC
:10164000BFE701270326BCE702270326C6E70327D7
:101650003E46C3E700270426B3E701270426B0E788
:1016600002270426BAE703270426B7E70027052642
:10167000A7E701270526A4E702270526AEE70327EB
:101680000526ABE7002706269BE70127062698E7F5
:1016900002270626A2E7032706269FE7002707263C
:1016A0008FE7012707268CE70227072696E70327FF
:1016B000072693E70027082683E70127082680E707
:1016C000022708268AE70327082687E70227092634
:1016D00084E700270A2674E701270A2671E7002716
:1016E0000B266EE701270B266BE702270B2675E713
:1016F00000270C2665E701270C2662E702270C2647
:101700006CE700270D265CE701270D2659E7022725
:101710000D2663E700270E2653E701270E2650E724
:1017200002270E265AE700270F264AE701270F2631
:1017300047E702270F2651E70027102641E7012738
:1017400010263EE7002709263BE702270A2645E741
:101750000127092635E7032709263FE70A480192B2
:1017600008F032F83146084808F026F8019A074890
:1017700011460AF079FD3946034808F01DF80321A7
:1017800003480AF071FD2FE7FC89FF1FA83D010007
:10179000783D01002DE9F04F0023DFF86491DFF878
:1017A0006481594F036083B0064600F592740125A9
:1017B00004E001353F2D04F1F80468D02046FFF71E
:1017C0009BFA0028F5D0484600F084FD29464046A3
:1017D00000F080FD2046FFF751FA0BF001FA0246B7
:1017E0000B46384600F076FD2046FEF70BFF82469A
:1017F0002046FEF725FF834650460BF0F1F90246DE
:10180000584692468B460BF0EBF95B465246CDE9C3
:1018100000013E4800F05EFD00212046FFF756FA29
:10182000012182462046FFF751FA834650460BF0CD
:10183000D7F90246584692468B460BF0D1F95246EC
:10184000CDE900015B46324800F044FD2046FFF739
:1018500015FA014630680BF0DFFA30602046FFF7DA
:1018600049F8B1690BF07EFD002833D12046FEF720
:1018700047FFF1690BF094FD00289AD02046FEF74F
:101880003FFF01353F2DF06104F1F80496D17068F7
:101890000BF076FB014630680BF07AFC7169306022
:1018A00004460BF07DFD00B17461316920460BF0F8
:1018B00059FD00B134610B2008F088FE06F5405652
:1018C00096F83C3D58B9B3B1012386F83C3D03B0CE
:1018D000BDE8F08F2046FFF70DF8B061C6E72BB9E1
:1018E000002386F83C3D03B0BDE8F08F094800F0C6
:1018F00003FD0023F5E7084800F012FDE4E700BF10
:1019000010440100AC3D0100E83D0100FC3D010038
:10191000283E01007C3E0100443E010070B5114BA1
:10192000836000F57455064600F59274343502E084
:10193000F834AC4213D02046FFF7DEF90028F7D088
:101940002046FEF75FFEB1680BF00CFD0028EFD0DB
:101950002046FEF757FEF834AC42B060EBD1B068D9
:1019600070BD00BF0000A04070B5002300F57455A5
:101970000646C36000F59274343502E0F834AC4298
:1019800013D02046FFF7B8F90028F7D02046FEF71D
:1019900057FEF1680BF004FD0028EFD02046FEF75B
:1019A0004FFEF834AC42F060EBD1F06870BD00BF80
:1019B0000068704700F54050D0F8380D704700BF00
:1019C000416070472DE9F04100F57455884617468F
:1019D0001E4600F59274343502E0F834AC4213D060
:1019E0002046FFF789F90028F7D020464146FFF747
:1019F0008BF920463946FFF797F920463146F834EF
:101A0000FFF78AF9AC42EBD1BDE8F0812DE9F8434C
:101A10002A4A2B4BDFF8AC90426200F574558046A1
:101A2000036200F5927434350026002702E0F83492
:101A3000A54210D02046FFF75FF90028F7D02046D6
:101A4000FEF77CFE49460BF0ABFC88B9F834A542A2
:101A500006F10106EED108F54058D8F8380D801B84
:101A60000BF08EFA014638460BF092FBBDE8F88386
:101A70002046FEF763FE014638460BF0CDF90746D7
:101A80002046FEF73DFED8F820100BF089FC70B917
:101A90002046FEF72FFFD8F824100BF063FC002837
:101AA000C5D02046FEF726FFC8F82400BFE7204631
:101AB000FEF726FEC8F82000EAE700BF00C0794420
:101AC00000C079C400008CC2006A7047406A704749
:101AD0002DE9F04100F540580026002300F574552B
:101AE000C8F8383D00F592743435374602E0F834D2
:101AF000AC421DD02046FFF7FFF80028F7D0204663
:101B0000FEF7C4FD39460BF04BFC03462046002B84
:101B1000EDD0FEF7BBFD014630460BF07DF9D8F85D
:101B2000383DF8340133AC420646C8F8383DE1D1BF
:101B3000D8F8380D0BF024FA014630460BF028FB9C
:101B4000BDE8F0812DE9F04F91B00446A4480E9114
:101B500000F066FBA24800F063FB04F54058A04883
:101B600004F5745700F05CFB04F5927500233437DC
:101B7000D8F838BDC8F8403D2E46B94602E0F836E0
:101B8000B1450FD03046FFF7B7F80028F7D0304600
:101B9000D8F8407DFEF7B0FDF8360744B145C8F8E7
:101BA000407DEFD1D8F8402D20680F920BF018F847
:101BB00063680D93064620460F46FFF789FF80466F
:101BC0002046D4F80890D4F80CA0FFF71FFF0BF0C4
:101BD00007F8CDE90A01494650460BF01BF9814947
:101BE0000BF022FA0AF0FCFFCDE9080150460AF09A
:101BF000F7FFCDE9060148460AF0F2FFCDE90401FE
:101C000040460AF0EDFF0D9B0F9ACDE90201CDE9A8
:101C100000677548754E594600F002FB704800F0A9
:101C2000FFFA00234FF001080D9307E008F10108C7
:101C3000B8F13F0F05F1F80500F09D802846FFF749
:101C40005BF80028F2D02846FEF7C6FC2846FEF7CF
:101C5000C7FC2846FEF7C8FC2846FEF7C9FC082149
:101C600063480AF001FB4146304607F0A5FDB8F194
:101C7000090F40F3B08002215E48DFF87CA10AF032
:101C8000F3FA2846FEF7FAFF0AF0AAFF9DF838900B
:101C9000CDF800900B460246304607F0B9FD574894
:101CA00001210AF0E1FA2B46DDF834B04D4600245C
:101CB00099461FE0062152480AF0D6FA59463046A6
:101CC00007F07AFD02214F480AF0CEFA2146484635
:101CD000FEF792FC0AF084FF009502460B46304660
:101CE00007F096FD0134454801210AF0BDFA0D2C9C
:101CF0000AD0BB46BBF1090F0BF10107DADC012169
:101D000050460AF0B1FAD5E7304607F05DFD484687
:101D1000FEF7EAFF0D9B04460D33012C3A480D9364
:101D20004D464FF0090129D00AF09EFA002148469D
:101D3000FEF7CCFF0AF054FF0B4602210246009149
:101D4000304607F065FD0E2130480AF08DFA28462E
:101D5000FEF7CEFF002301461022304607F04CFD6F
:101D600008F10108304607F02FFDB8F13F0F05F1EB
:101D7000F8057FF463AF11B0BDE8F08F0AF074FA94
:101D800000214846FEF7A2FF0AF02AFF022702467A
:101D90000B460097304607F03BFD0A211C480AF02D
:101DA00063FA21464846FEF791FF0AF019FF0097B3
:101DB00002460B46304607F02BFD0A2115480AF073
:101DC00053FA39464846FEF781FF0AF009FF0097AB
:101DD00002460B46B4E7012107480AF045FA4AE7F4
:101DE0001044010000007A442C410100FC89FF1FCF
:101DF000CC4101007C50010098420100D841010013
:101E0000DC41010088420100E44101000842010078
:101E1000F0410100FC4101002DE9F04F87B000F5D1
:101E20009274DFF84882DFF84892039104929B464F
:101E3000264601270594924604E001373F2F06F11C
:101E4000F80675D03046FEF757FF0028F5D000237E
:101E50000A220399404607F0CFFC012148460AF0C8
:101E600003FA50460AF0BCFE0B46002102460091E0
:101E7000404607F0CDFC012148460AF0F5F95946E5
:101E8000404607F099FC012148460AF0EDF9394631
:101E9000404607F091FC012148460AF0E5F900248C
:101EA000022521463046FEF7A7FB0AF099FE009571
:101EB00002460B46404607F0ABFC01340121484680
:101EC0000AF0D2F9082CECD100213046FEF7FEFED4
:101ED0000AF086FE009502460B46404607F098FC45
:101EE000012148460AF0C0F901213046FEF7EEFE16
:101EF0000AF076FE009502460B46404607F088FC45
:101F0000012148460AF0B0F902213046FEF7DEFE14
:101F10000AF066FE009502460B46404607F078FC44
:101F20000137404607F050FC3F2F06F1F80689D1F3
:101F3000059C504FDFF8388101264FF0000A04E07D
:101F400001363F2E04F1F8045CD02046FEF7D4FEA3
:101F50000028F5D000230A220399384607F04CFCEC
:101F60000121404608F052FE04980AF039FECDF8EF
:101F700000A002460B46384607F04AFC01214046C5
:101F800008F044FE5946384607F016FC0121404649
:101F900008F03CFE3146384607F00EFC0121404671
:101FA00008F034FE00254FF0020929462046FEF7CE
:101FB00023FB0AF015FECDF8009002460B4638468A
:101FC00007F026FC01350121404608F01FFE0D2DCB
:101FD000EBD12046FEF788FE0546012D4FF00001AB
:101FE000204612D0FEF772FE0AF0FAFD01360246D4
:101FF0000B46CDF80090384607F00AFC3F2E04F15E
:10200000F804A2D107B0BDE8F08FFEF75FFE0AF03A
:10201000E7FDCDF8009002460B46384607F0F8FB86
:102020002946404608F0F2FD29462046FEF74EFEBE
:102030000AF0D6FDCDF8009002460B46384607F070
:10204000E7FB2946404608F0E1FD02212046FEF765
:102050003DFE0AF0C5FDCDF8009002460B4638461D
:1020600007F0D6FB384607F0AFFB69E7FC89FF1F96
:10207000A83D0100BC88FF1F014B1870704700BFCE
:102080002488FF1F0278002A00F0B8802DE9F04371
:102090005C4FDFF874815D4E83B003460D46252A00
:1020A00034D158785C1C002838D0A0F12503552B7A
:1020B0002ED8DFE803F09F2D2D2D2D2D2D2D2D2D2C
:1020C0002D2D2D2D2D2D2D2D2D2D2D2D2D2D2D2D40
:1020D0002D2D2D932D2D2D2D2D2D2D2D2D2D2D2DCA
:1020E0002D2D2D2D2D882D2D2D7C2D2D2D2D2D2D76
:1020F0002D2D2D7439392D5E2D2D392D2D392D2D68
:102100002D2D2D2D493F2D2D2D562D6918781C462E
:102110000AF02EF96278631C002AC0D13C4803B053
:10212000BDE8F04307F050BB55F8041B384807F0F2
:1021300043FBEFE755F8041B01290EBF3548012189
:1021400030460AF091F8E5E755F8049BB9F1000F25
:10215000E0D048460CF014F9014648460AF084F8ED
:10216000D8E755F8041B2A480023102207F044FB47
:10217000D0E7073525F007050321F5E802232448B9
:10218000009107F045FBC5E7073525F0070500215D
:10219000F5E802231E48009107F03AFBBAE755F82C
:1021A000041B1B480023022207F026FBB2E7022192
:1021B00019480AF059F855F8041B15480023102255
:1021C00007F01AFBA6E755F8043B012B07BF0421D3
:1021D0004046052138460AF047F89BE702210F48A0
:1021E0000AF042F855F8041B09480023022207F0C0
:1021F00003FB8FE725200AF0BBF88BE7044807F0C4
:10220000E3BA00BF3042010028420100244201002D
:10221000FC89FF1F20420100184201001C420100FE
:102220000FB400B583B004A951F8040B0191FFF776
:1022300029FF03B05DF804EB04B07047F0B51C4B08
:102240001C4F1B6883B004460193019B3B600D4605
:10225000164619460A220023174807F0CDFA032133
:1022600016480AF001F8032C07D8DFE804F01B1623
:1022700002111348072109F0F7FF0221114809F064
:10228000F3FF3146284603B0BDE8F040FFF7FABE41
:1022900005210D4809F0E8FFEFE704210B4809F09C
:1022A000E3FFEAE705210A4809F0DEFFE5E700BFA2
:1022B000C0D3FF1F9091FF1FFC89FF1F3842010010
:1022C0004C42010088420100544201004442010096
:1022D0003C4201000FB400B5064B187883B020B91A
:1022E00005AA04990192FFF7A9FF03B05DF804EB7A
:1022F00004B070472488FF1F0FB4084B00B51B784B
:10230000012B83B005D805AA049901920120FFF79B
:1023100095FF03B05DF804EB04B070472488FF1FFD
:102320000FB4084B00B51B78032B83B005D805AA62
:10233000049901920320FFF781FF03B05DF804EBDD
:1023400004B070472488FF1F30B4074D074C08497C
:1023500000232B702360036530BC4365836580F8E0
:102360005C300B60704700BF9891FF1F9491FF1F76
:102370009C91FF1F70B5132008F028F958B9114C33
:1023800008F06EF92268104B801A80B2188008F0AD
:1023900067F9206070BD0C4D0A4B2C881E6808F050
:1023A0005FF9A4B23444201A2A880849C0EB00130C
:1023B0009B0092B2A3F63403B3FBF2F39BB20B8003
:1023C00070BD00BFD0D0FF1FD0CFFF1FD891FF1F1F
:1023D000DDF800C0521AACEB030C1CD0401ABCF163
:1023E000000F0CFB00F002EBD27109DB00EB610087
:1023F00000FB02F1002990FBF2F0184410DB70475B
:10240000A0EB610000FB02F1002990FBF2F0184400
:10241000F5DB013070470CEBDC7C03EB6C007047A4
:1024200001387047114B10B54FF47A701C7807F0E3
:10243000E7FB844204D021464FF47A7007F0FAFBA0
:102440000B4B0C485A7842F040025A701A7842F00E
:1024500040021A7007F0B8F90748072109F004FF95
:10246000BDE81040034807F0AFB900BF2888FF1F40
:1024700000D00740FC89FF1F5C42010038B50446CC
:1024800049B108460D460BF07BFF236802465B68A6
:102490002946204698472046BDE8384007F094B9C1
:1024A0002DE9F0474048414E414CDFF80891DFF8F4
:1024B0000881424FFFF7B4FE414B4249D96042497F
:1024C0001961424959614249596242499961DE6242
:1024D0004FF07C510026596419651E634FF49671C4
:1024E0003D4E196699665E6340F61C413B4ED966C7
:1024F0009E630A213A4E196740F2122541F2040107
:102500005E60384E1D805967374D1E625A21374E26
:10251000DC61002201209D62DC6364250C24996744
:102520009E643221324E83F8402040F2012AC3F8E3
:10253000D4005C6598655966DE64DD652D4EA3F8B0
:1025400008A0DA67C3F88420C3F8A820FF22022479
:10255000DFF8A4E0DFF8A4C0C3F8B400C3F89C100F
:10256000C3F8AC10C3F8B02044F6206041F28831C3
:102570004FF47A72C3F8C860C3F88890C3F89080AB
:10258000C3F894E0C3F8BC50C3F8C070C3F8C4C02B
:10259000C3F88040C3F8B840C3F88C00C3F8981063
:1025A000C3F8A020BDE8F08764420100000020C10C
:1025B000CDCC4C3ED606D6060000684288130500F6
:1025C000D8D0FF1F6666864000004040333383400A
:1025D000CDCCCC3DCDCC4C40000020420000A040F2
:1025E00020A1070033337340000082429A9979405A
:1025F0000AD7233D0101F40100C020449A99993E75
:10260000F8B5504D504C5148E66800232B70FFF749
:10261000ABF9014630460AF0A5FE002814BF04239A
:1026200008232B704948FFF779F921690AF09AFECF
:102630002B78002879D043F010032B704348FFF724
:1026400043FAA16A0AF0ACFE2B78002876D043F05A
:10265000400300272B706F703C48FFF737FAE16AA0
:102660000AF080FEB84214BF012302236B70EF70A2
:102670003648FFF779F906463448FFF74FF9014627
:1026800030460AF0C7FBE16B314E0AF089FEB842D2
:1026900014BF01230223EB702C483770FFF764F955
:1026A000616A0546E0680AF0B5FB014628460AF073
:1026B00077FEB84214BF0423082333702348FFF782
:1026C0002DF9616A054620690AF0A6FB01462846F5
:1026D0000AF048FE337870B343F0100333701B48A0
:1026E000FFF7F2F9A16B0546A06A0AF093FB0146D9
:1026F00028460AF055FE3378D0B143F0400300225B
:10270000727033701148FFF7E1F9A16B0346E06A7C
:102710001C460AF081FB014620460AF023FE0028F1
:1027200014BF012302237370F8BD43F0200384E734
:1027300043F08003E3E743F02003CFE743F0800357
:1027400087E700BFE091FF1FD8D0FF1FF091FF1F68
:10275000C4D1FF1F2DE9F0417F4C2368012B82B0CB
:1027600049D0022B00F0C380032B03D02BB302B05F
:10277000BDE8F081794B7A4E4FF47A721A60D6F840
:10278000AC000AF0FDFB0546D6F8B0000AF0F8FBF5
:1027900029460AF03FFB73490AF046FC71490AF0EA
:1027A000F7FC29460AF038FB0AF004FE0146062031
:1027B00007F06AFD2368002BD9D1694B6A48D3F82A
:1027C000AC10D3F8B02003686848521A002A02FB04
:1027D00003F3C0F2B280323380FB0320DA17C2EB7E
:1027E0006012002B1144C0F2B480062002B0BDE894
:1027F000F04107F049BD594F38680A30B0F57A7F8B
:1028000000F3968038600AF0BBFB59490AF00CFCD3
:102810008046534ED6F8AC000AF0B2FB0546D6F817
:10282000B0000AF0ADFB29460AF0F4FA41460AF07E
:10283000FBFB4C490AF0ACFC29460AF0EDFA0AF021
:10284000B9FD0146062007F01FFD0221494809F0A5
:102850000BFD494806F0B8FF0621484809F004FD81
:1028600038680AF08DFB42490AF0DEFB0AF0B8F93D
:102870004FF0020802460B463F48CDF8008006F0B4
:10288000C7FF0D213E4809F0EFFCD6F8AC000AF076
:1028900077FB054638680AF073FB35490AF0C4FB3C
:1028A0000346D6F8B0001E460AF06AFB29460AF035
:1028B000B1FA014630460AF0B7FB2A490AF068FC33
:1028C00029460AF0A9FA0AF08BF9CDF800800B46E8
:1028D0000246294806F09CFF4146264809F0C4FC00
:1028E000254806F071FF2368022B7FF43DAF1B4B98
:1028F0001B4E00221A60D6F8AC000AF041FB0546D8
:10290000D6F8B0000AF03CFB29460AF083FA002111
:102910000AF08AFB13490AF03BFC29460AF07CFACC
:102920000AF048FD0146062007F0AEFC23681BE7CD
:1029300000234FF000083B606BE7323B80FB032035
:10294000DA17C2EB6012002B1144FFF64EAF0131D3
:102950004BE7013949E700BFDCCFFF1FD091FF1FD4
:10296000D8D0FF1F0000C8422888FF1F1F85EB51E9
:10297000CDCCCC3D7C500100FC89FF1F844201007E
:102980008C42010070B5B248B24C06F01DFFB04851
:1029900006F01AFFAE4806F017FFAF480D2109F008
:1029A00063FCD4F8A830012B11D0AC4CA848217896
:1029B00000230A2206F020FF2378052B57D8DFE8F2
:1029C00013F006010B01100115011A010101092183
:1029D000A34809F049FCA348FEF7A0FF21690AF0CB
:1029E000C1FC002840F02E819E48FEF7BDFFE16843
:1029F0000AF0D6FC002840F06C819A48FEF7B4FF3C
:102A000005469848FEF78AFF014628460AF002FA72
:102A1000E16B0AF0C5FC002840F056819148FEF7B2
:102A2000F5FFA16A0AF0BCFC002840F05C818D48EB
:102A3000FEF7ECFFE16A0AF095FC002840F04E81B9
:102A4000894B88481B68012B00F0EC80FEF766FF7D
:102A500021690AF0A5FC002840F0D28007218348B4
:102A600009F002FC824B7A48196806F0A5FE0221A3
:102A7000804809F0F9FB122007F0A8FD012800F0BA
:102A80009C80112007F0A2FD012800F091807A4B74
:102A90001B68012B00F0878002217648774C09F0F3
:102AA000E3FB774B6A48196806F086FE684806F033
:102AB0008BFE0421734809F0D7FB0B2007F086FD3D
:102AC000002301460A22624806F096FE0C2007F019
:102AD0007DFD002301460A225D4806F08DFE14208C
:102AE00007F074FD002301460A22594806F084FECF
:102AF000152007F06BFD0A2201460023544806F01A
:102B00007BFE0621604809F0AFFB2368D8074BBF66
:102B1000012101215D485E4809F0A6FB2368990761
:102B20004BBF012101215948594809F09DFB2368F9
:102B30005A074BBF012101215448554809F094FB25
:102B400023681B074BBF012101215048504809F061
:102B50008BFB04214F4809F087FB112007F036FD5D
:102B6000002301460A223A4806F046FE102007F0EC
:102B70002DFD002301460A22354806F03DFE1220B5
:102B800007F024FD002301460A22314806F034FEF6
:102B9000132007F01BFDBDE87040014600232C48C0
:102BA0000A2206F029BE11213B4809F05DFB73E7BC
:102BB0000A213A4809F058FB69E70E21384809F024
:102BC00053FB5EE70721374809F04EFB4FE706212C
:102BD000354809F049FB4AE70721344809F044FB2E
:102BE00045E70721324809F03FFB40E7082131481B
:102BF00009F03AFB3BE70B212F4809F035FB36E79C
:102C00001848FEF7B1FEE1680AF0ACFB00283FF47B
:102C100025AF124B1B78052B6AD10A21274809F0F2
:102C200023FB1BE7FEF77AFE216A0AF0B9FB0028B6
:102C30005ED01621224809F017FB0A211F4809F02F
:102C400013FB0BE70F211F4809F00EFBCCE600BF7A
:102C5000FC89FF1FD8D0FF1F9C42010034CFFF1F0B
:102C6000AC420100F091FF1FB0D1FF1F3C430100B7
:102C7000B091FF1F7C500100E891FF1FB4CFFF1FF0
:102C80003CCFFF1FAC430100B4430100BC43010033
:102C9000C0430100C4430100984301008C4301007C
:102CA0007C43010074430100444301004C43010094
:102CB00060430100684301005443010024430100C4
:102CC0000C430100B842010011210C4809F0CCFA74
:102CD000A4E60E210A4809F0C7FA8EE60D2109483C
:102CE00009F0C2FAACE60C21074809F0BDFA9EE6ED
:102CF0000821064809F0B8FAB0E600BFD842010042
:102D0000C8420100FC420100EC42010030430100D6
:102D10002DE9F047B54CD4F88060012E8CB000F05E
:102D20004481032E5CD0DFF8C882B24FB24EE36F0D
:102D3000B248012B09BF3168316801F100413160AF
:102D400006F0E6FA3B68002B40F01581AB4806F030
:102D5000B3FA3B68C8F800000546002B40F0FB8042
:102D6000D4F88030012B00F0BA80A54928460AF03B
:102D700017FB30B9A34928460AF0F4FA002800F0FE
:102D8000E081DFF884A2DFF88492DAF800300A9359
:102D90000A98D9F800309E4FC01A0AF0EDF829467B
:102DA0000AF042F99B490AF0F3F99A490AF0F0F95E
:102DB00039680AF031F8DAF800300993099B386075
:102DC000C9F80030D4F8B4000AF0DAF829460AF05D
:102DD0002BF90023C8F8000033600CB0BDE8F08781
:102DE0008D4D8E4F2A68DFF80882D2F884000123C7
:102DF0000F213B6006F04AF93B687E4F012B3B6890
:102E000000F02C81002B40F0AF812B68DFF810928E
:102E1000D3F88400436B1E69B6B2C9F8006005F0B0
:102E20007DFEB4F88A2040F6E44306FB03F3B3FBCF
:102E3000F0F0801A00B20AF0A3F87A490646D4F8F6
:102E400090000AF0F1F8014630460AF0A1F9D9F8ED
:102E50000030694E632B306000F37A8100233360C9
:102E60003B68002B3FF463AF02216F4809F0FCF987
:102E70002B68D9F80050D3F8840040F6E44303FBF4
:102E800005F505F04BFEB5FBF0F00AF075F80546C8
:102E9000B4F88A000AF074F80146284609F0BAFF2F
:102EA00009F09EFE022502460B4600955F4806F09B
:102EB000AFFC29465C4809F0D7F9306809F090FE6C
:102EC000009502460B46594806F0A2FC2946584890
:102ED00009F0CAF92946544809F0C6F927E74F4BCB
:102EE0001B68012B00F07581022B7FF46BAFD4F8C7
:102EF0008C7038460AF044F829460AF033FA40B993
:102F000078420AF03DF829460AF04AFA002800F013
:102F1000CE81DFF8F4A0DFF8F490DAF80030079300
:102F20000798D9F800303A4FC01A0AF025F8294618
:102F30000AF07AF837490AF02BF936490AF028F9ED
:102F4000396809F069FFDAF800300693069B3860AB
:102F5000C9F8003036E709F043FE0B46022102466D
:102F60000091324806F054FC3248042109F07CF903
:102F7000D8F80050F4E6214806F09EF909F030FE3A
:102F80000B46022102460091284806F041FC03212D
:102F9000294809F069F9D4F88C10244806F00CFC93
:102FA0000321254809F060F9D0E6DFF84480D4F821
:102FB0008C70D8F80050384609F0E2FF29460AF034
:102FC000EFF900283AD0784209F0DAFF01462846A6
:102FD0000AF0E6F990B3104D104F28683E604FF0AC
:102FE000FF320F2105F044FD06E700BFD8D0FF1FD8
:102FF000C4CFFF1FC8CFFF1FC091FF1F0CD0FF1F02
:103000000000FA430000FAC3C0D3FF1F00D0FF1F27
:10301000E491FF1F00007A44DC91FF1F7888FF1FB6
:10302000B8D1FF1FACC527377C500100FC89FF1FBA
:10303000084401000C440100783D01009F4FA04D61
:1030400002233B602B680E21D3F8840006F01EF8A3
:103050003B689C4F012B3B687FF4D4AE002B40F0C3
:10306000E5802B68DFF86092D3F88400436B1E691B
:10307000B6B2C9F8006005F051FDB4F8883040F6EA
:10308000E44A0AFB06F6B6FBF0F6F01A00B209F0C5
:1030900077FF8E490646D4F8940009F0C5FF014633
:1030A00030460AF075F82B68894E0246D3F8840042
:1030B000D9F8003032600AFB03FA05F02FFDB4F8AE
:1030C0008820BAFBF0F31BB29B1A002BB4F8C22085
:1030D000B8BF5B429A42C4BF002333603B68002BF9
:1030E0003FF425AE02217B4809F0BEF82B68D9F8E1
:1030F0000050D3F8840040F6E44303FB05F505F0E7
:103100000DFDB4F88810B5FBF0F52DB2691A7248C0
:1031100006F052FB02216F4809F0A6F8306809F06A
:103120005FFD022502460B4600956B4806F070FBDA
:1031300003216A4809F098F82946664809F094F88E
:10314000F5E5674B1B680B93664B0B9A1A6039E6E3
:103150002B68D3F8840005F0E1FCD9F8003064381E
:103160009842FFF47BAE7BE65B48DFF85C9106F0AB
:103170002BFB0C215C4809F077F85C480C2109F026
:1031800073F82B683A68D3F88400436B1E69B6B2B3
:10319000C9F80060002A3FF442AE05F0BFFC40F6DB
:1031A000E442002306FB02F2B2FBF0F10A224A4895
:1031B00006F022FB0221474809F056F8B4F88A10BD
:1031C000454806F0F9FA2B68D9F80060D3F8840076
:1031D00025E6474928460AF0E3F828B94549284634
:1031E0000AF0C0F800285BD0DFF8F4A0DFF8F49014
:1031F000DAF8003004930498D9F800303E4FC01A32
:1032000009F0BAFE294609F00FFF3C4909F0C0FF5A
:103210003A4909F0BDFF396809F0FEFDDAF80030DF
:103220000393039B3860C9F80030CBE52A48DFF8E8
:10323000989006F0C9FAD4F88030012B0CBF3048C2
:1032400030480B2109F010F828480C2109F00CF83F
:103250002A683B68D2F88400426B1669B6B2C9F896
:103260000060002B3FF407AF05F058FC40F6E44344
:1032700006FB03F30A22B3FBF0F10023164806F025
:10328000BBFA0121204808F0EFFFB4F8881012487B
:1032900006F092FA2B68D9F80060D3F88400EAE6C9
:1032A0000F4B1B6805930F4B059A1A608AE50C4B70
:1032B0001B6808930B4B089A1A6083E57888FF1FF8
:1032C000DC91FF1FC8CFFF1FB8D1FF1FACC5273748
:1032D000C091FF1F7C500100FC89FF1FF4430100D7
:1032E000C0D3FF1F00D0FF1FF8430100E4430100DB
:1032F0000000FA430000FAC3E491FF1F00007A4483
:10330000CC430100D8430100984201002DE9F04F61
:10331000A94DAA4C2B68012B87B000F00A81A84E5A
:10332000A84FDFF8A492D9F80030002B00F0A68057
:10333000D4F85CB0A56DDFF89482A549386809F02F
:1033400073FE05FB0BF581464FF47A7005FB00F028
:1033500009F016FE0146484609F01AFF9D4909F09A
:1033600063FE0AF027F8D4F884303060012B05465C
:1033700056D0D4F88030002B52D0632D73DDA36D6E
:10338000E06D03FB00F04FF47A7303FB00F009F0EB
:10339000F7FD8F4909F0FCFE64233360D8F8003054
:1033A0003860002B67D0D4F88030012B00F0E88023
:1033B000032B00F0F380022B00F0F98002218648F5
:1033C00008F052FF854B186809F00AFC02240246F7
:1033D0000B460094824806F01BFA2146814808F00B
:1033E00043FF21467C4808F03FFF31687C4806F0E7
:1033F000E3F906217C4808F037FF3868744909F082
:1034000013FE09F0EDFB009402460B46744806F0EB
:10341000FFF97648032107B0BDE8F04F08F024BF5C
:103420007348FEF77BFA734909F0FEFD09F0E8FFE7
:10343000A56F626FE16E236F009580B2FEF7C8FF43
:1034400005463060E06DA36D05FB00F003FB00F066
:1034500000EB8000400009F093FD5D4909F098FE03
:10346000632D38608BDC002DBCBF00233360D8F89F
:103470000030002B97D107B0BDE8F08FDFF878A1BE
:10348000DAF80030002B37D0D4F85CB0A56DDFF847
:103490003C81012B7FF451AF306800FB0BF005FB42
:1034A00000F000EB8000554D400009F069FD4849EF
:1034B00009F06EFE2B680493049A386042F22833B8
:1034C0009A4200F2E2802B680593059A42F210734B
:1034D0009A420DD9D8F800300122C9F80020002BFB
:1034E00040F0DB80D4F8A830012B04BF444A1370AD
:1034F000D4F85CB0A56D20E7404D2A680292029A8C
:1035000042F228339A4200F2B8802B680393039A60
:1035100042F210739A427FD8D9F80030D4F85CB0E8
:10352000A56DDFF8A880002B7FF407AFDAF8003034
:10353000AFE72F48FEF7F2F92E49666F276F09F0C3
:1035400073FD09F05DFF3246A66FE16E00963B46C3
:1035500080B2FEF73DFF1A4EE36D306003FB00F0D2
:10356000A36D184F03FB00F000EB8000400009F052
:1035700007FD174909F00CFE002338602B60D0E6E8
:10358000204B1B68012B0CBF1F4820480A2108F064
:103590006BFED4F88030032B7FF40DAF1C48102154
:1035A00008F062FED4F88030022B7FF407AF0721C9
:1035B000184808F059FE01E7C891FF1FD8D0FF1F37
:1035C0002888FF1FE491FF1FCC91FF1F4C88FF1F2D
:1035D000E4388E3E0000C8427C500100C4CFFF1F7B
:1035E000FC89FF1F08440100A4440100AC44010011
:1035F000F091FF1F00007A44C491FF1FC0D3FF1F4A
:1036000034CFFF1F7888FF1F704401007C44010005
:10361000884401009C4401003448DFF8D480FEF760
:103620007DF9344909F000FD09F0EAFEA56F236F2A
:10363000626FE16E009580B2FEF7CAFED4F85CB00E
:10364000A56D30600BFB00F005FB00F000EB800087
:10365000400009F095FC284909F09AFDD8F800309F
:1036600038600122C9F8002033BBD4F8A830012B00
:103670007FF463AE214A13705FE6236D626C94F8A9
:1036800040101A48FEF79EF93FE7236D626C94F8EC
:1036900040101648FEF796F915E70221184808F081
:1036A000E3FD184806F090F85921174808F0DCFDB2
:1036B000144806F089F815E70221114808F0D4FDF6
:1036C000104806F081F859210F4808F0CDFD0D484B
:1036D00006F07AF8D4F8A830D4F85CB0A56D012BC8
:1036E00004BF064A1370D9F800301CE7F091FF1FA1
:1036F0004C88FF1F00007A44E4388E3E34CFFF1F11
:103700007C500100FC89FF1F1444010030B51120DA
:1037100083B006F05BFF012804D0122006F056FFAC
:10372000012822D10121152006F02AFF2A4B2B4A1D
:103730002B4C1B682B4D116801930222D4F8983052
:103740002A60019A0B44934208D8D4F8A00009F0EB
:1037500017FC254B196809F005FED0B101210C209A
:1037600003B0BDE8304006F00BBF00210B2006F08F
:1037700007FF00210C2006F003FF0021152006F0B2
:10378000FFFE1A49174B0120002208701A6003B08F
:1037900030BD01210B2006F0F3FE94F8C83003245D
:1037A0002C604BB1114B02221A7000210C2003B087
:1037B000BDE8304006F0E4BE122006F007FF012805
:1037C00008BF0A4B4FF0110008BF1C7006F0FEFE48
:1037D0000128EAD1E6E700BFC0D3FF1FB891FF1F61
:1037E000D8D0FF1FB0CFFF1FC4CFFF1F34CFFF1FA4
:1037F000F0B5714E714C33682568AB4287B02DD05F
:1038000013F001014BD013F002015FD013F004015B
:1038100051D0DA070ED52268D7070BD4684D2A6835
:10382000002A00F09380674B1B680193019B934231
:103830007FD833689D0714D4590722D522685207D0
:103840000DD4614F3A68002A00F09E805D4B1B68E2
:103850000593059B934200F286803568A5B107B0B9
:10386000F0BD226890073DD4584D2A68002A49D0FF
:10387000544B1B680393039B9A4236D33368590712
:10388000DCD41D46002DEAD12946162006F0FCFCAA
:103890002946172007B0BDE8F04006F0F5BC162019
:1038A00006F0F2FC2268336802F0FE0213F0020117
:1038B0002260ABD10AE0052006F0E6FC22683368FE
:1038C00002F0FB022260DA07B4D5A4E7172006F065
:1038D000DBFC2268336802F0FD0213F00401226071
:1038E00097D1E8E75B07AAD4B9E7394B1720D3F89B
:1038F0009C1006F0C9FC2368002243F002032360F9
:103900002A60BBE7334805F05FFF0C21324808F01E
:10391000ABFC304805F058FFFF21172006F0B4FC3F
:10392000284B2E491A680292029A09680A442A60B2
:103930009FE7274B1620D3F89C1006F0A5FC2368C0
:10394000002243F0010323602A6072E7FF21162062
:1039500006F09AFC1B4B21491A680092009A0968EC
:103960000A442A6060E71A4B0520D3F89C1006F041
:103970008BFC23683568002243F0040323603A601F
:10398000002D7FF46CAF7FE7124805F01DFF0C217E
:10399000134808F069FC0F4805F016FFFF210520C9
:1039A00006F072FC074B0D491A680492049A0968E4
:1039B0000A443A604BE700BFB0CFFF1FB4CFFF1FF0
:1039C000B8CFFF1FC0D3FF1FC0CFFF1FBCCFFF1F4B
:1039D000D8D0FF1FFC89FF1FB04401006888FF1F7B
:1039E000C04401002DE9F84F544EDFF854A133686C
:1039F000DFF85091D3F88400534D0F2105F046FBBA
:103A00000123CAF80030514800232221C9F80030B0
:103A100008F02AFCD9F80030132B21DC4C4F40F67B
:103A2000E4483368B5F888B0D3F88400436B1C6968
:103A300005F074F8A4B2012108FB04F4B4FBF0F41F
:103A40003846A344A5F888B008F00EFC642006F0C0
:103A500027FED9F800300133132BC9F80030E0DD20
:103A6000B5F888303B493C48A1FB03215B1A01EBC8
:103A70005301C1F30F11A5F8881005F09DFE1D211B
:103A8000364808F0F1FB0221354808F0EDFB3248DA
:103A900005F09AFE0023C9F8003033680E21D3F8F0
:103AA000840005F0F3FA02232848CAF800302221E6
:103AB00008F0DAFBD9F80030132B22DCDFF8908015
:103AC00040F6E4473368B5F88AA0D3F88400436B26
:103AD0001C6905F023F8A4B2012107FB04F4B4FB30
:103AE000F0F44046A244A5F88AA008F0BDFB64208B
:103AF00006F0D6FDD9F800300133132BC9F8003099
:103B0000E0DDB5F88A3013491348A1FB03215B1AA5
:103B100001EB5301C1F30F11A5F88A1005F04CFE1B
:103B20001D21104808F0A0FB0D48022108F09CFB65
:103B3000BDE8F84F084805F047BE00BFDC91FF1F05
:103B40007888FF1FC8D1FF1FD8D0FF1FD0440100C5
:103B5000F444010087611886FC89FF1FF8440100C6
:103B60007C50010018450100F8B59F4DD5F8B830DC
:103B7000072B00F05D819D4B9D4C1B68686D40F2EA
:103B8000513108222160E271002B00F0288109F0F8
:103B9000F7F9296A064609F047FA964909F044FA06
:103BA00009F02EFCC2B22272934AA969C0F307231E
:103BB000637213886381914B30461B88A38109F09F
:103BC00033FA8C4909F030FA09F01AFC88490346A7
:103BD0008B48E38104F028FD8A4A894813681288DB
:103BE000228103EB8303884A08265B0040F25531AB
:103BF0001288216000277E492373334162816373F9
:103C0000E671E78104F010FD40F256337F482360EF
:103C1000E671FDF7CDFE7E4909F006FA09F0F0FBEA
:103C200020727A48FDF7C4FE794909F0FDF909F0E0
:103C3000E7FB784B7649C0F307206072186809F0FB
:103C4000A7FA09F0B7FB60817048FDF7DFFE69490C
:103C500009F0EAF909F0AEFB20736C48FDF7D6FED7
:103C6000644909F0E1F909F0A5FB40F30720604938
:103C700060736348E78104F0D7FC022006F010FD72
:103C800040F25A332360644B59491B68A360634B6D
:103C90005B481B68E360E67104F0C6FC40F25E33EB
:103CA00023605F4B52491A6855485B68A260E36025
:103CB000E67104F0B9FC022006F0F2FC4FF45C73EC
:103CC0002360584B4A491A684D485B68A260E3601C
:103CD000E67104F0A9FC022006F0E2FC40F2733326
:103CE0004A482360E671FDF719FE4F4909F09CF937
:103CF00009F086FB20724548FDF710FE4A4909F09D
:103D000093F909F07DFBC0F3072060723F48FDF78F
:103D10002BFE454909F088F909F072FBA0723B4877
:103D2000FDF722FE404909F07FF909F069FBC0F375
:103D30000720E0723548FDF7C9FE3C4909F06CF8F0
:103D400009F05EFB20733148FDF7C0FE374909F0EA
:103D500063F809F055FBC0F3072060732B48FDF7AB
:103D6000B3FE324909F058F809F04AFBA07327481E
:103D7000FDF7AAFE2D4909F04FF809F041FBC0F309
:103D800007201B49E0731E4804F04EFC022006F099
:103D900087FC40F27933EA6D2360AB6D13FB02F3CD
:103DA00002202372C3F30723E071637206F078FCEC
:103DB00040F2723315482360E671FDF7FBFD0346C0
:103DC00012482372FDF7F6FD40FA06F3637267812D
:103DD000E76007490A48BDE8F84004F025BC09F04F
:103DE000CFF86969D6E600BFD8D0FF1FB0D1FF1F5A
:103DF00034D0FF1F0000204140CFFF1FCCCFFF1F5A
:103E0000CCD1FF1F2888FF1F2C88FF1FF091FF1FB8
:103E10000000C842C4CFFF1FE091FF1FC4D1FF1FA5
:103E20003888FF1F3088FF1F00007A44339388438F
:103E3000554C564BE36040F2593200230826214688
:103E400053482260A360E67104F0EEFB022006F006
:103E500027FC504B686D1B68E67140F251322260BE
:103E6000002B00F08D8009F08BF8296A09F0DCF84E
:103E7000494909F0D9F809F0C3FA484A484B128871
:103E80001B886281C1B2C0F30720002521726072D5
:103E90003D493F48A381E58104F0C6FB022006F0BE
:103EA000FFFB404B404A1B88128837496381082634
:103EB00040F25533364822812360E560E67104F014
:103EC000B3FB022006F0ECFB40F256333748236088
:103ED000E671FDF76DFD364909F0A6F809F090FA94
:103EE000034632482372FDF763FD314909F09CF81F
:103EF00009F086FA2F4A2E490346C3F307231068B8
:103F0000637209F045F909F055FA034627486381C1
:103F1000FDF77CFD204909F087F809F04BFA0346CC
:103F200022482373FDF772FD1B4909F07DF809F063
:103F300041FA1549E58140F307231548637304F0FE
:103F400073FB022006F0ACFB4FF4577302250E49B9
:103F500023600F48E571C023238104F065FB2846E8
:103F600006F09EFB144B154AE57140F25E3121606C
:103F70002272637204490648BDE8F84004F054BB5D
:103F800008F0FEFF696971E734D0FF1F01504E0051
:103F9000CCD1FF1FB0D1FF1F0000204140CFFF1F39
:103FA000CCCFFF1F2C88FF1F2888FF1FF091FF1F19
:103FB0000000C842C4CFFF1F384501002042010065
:103FC0002DE9F041A64CA74D82B008F0DFF8236838
:103FD0002860042B5DD0022B40F06681A0F13102F5
:103FE000422A4AD8DFE812F09E041A055005270538
:103FF00041056A0577055D0549004900490049000A
:104000004900490049004900490049004900490068
:104010004900490049004900490049004900490058
:104020004900490049004900490049004900490048
:104030004900490049004900490049004900490038
:104040004900490049004900490049005C01490014
:104050004900490049004900490049004900490018
:10406000490049004900490045004900850571287B
:1040700003D10023732023602860002B08BF73281E
:104080000CBF01230023002B40F08C8002B0BDE860
:10409000F081A0F13102402AEFD801A151F822F0BD
:1040A00021490000134800009D480000B948000065
:1040B000BD480000D7480000F7480000FB4800005A
:1040C000FF4800007B4000007B4000007B40000078
:1040D0007B4000007B4000007B4000007B400000F4
:1040E0007B4000007B4000007B4000007B400000E4
:1040F0007B4000007B4000007B4000007B400000D4
:104100007B4000007B4000007B4000007B400000C3
:104110007B4000007B4000007B4000007B400000B3
:104120007B4000007B4000007B4000007B400000A3
:104130007B4000007B4000007B4000007B40000093
:104140007B4000007B4000007B4000007B40000083
:104150007B4000007B4000007B4000007B40000073
:104160007B400000794600007B4000007B4000005F
:104170007B4000007B4000007B4000007B40000053
:104180007B4000007B4000007B4000007B40000043
:104190007B4000007B4000007B4000007B40000033
:1041A00073400000304E314805F00EFB04213048CA
:1041B00008F05AF82D4805F007FB10212D4808F0AB
:1041C00053F82A4805F000FB13212B4808F04CF85F
:1041D0002A4B2648196805F0EFFA244805F0F4FA4E
:1041E0001421274808F040F8204805F0EDFA1E2178
:1041F000244808F039F81D4805F0E6FA1521224850
:1042000008F032F8194805F0DFFA1E211F4808F0BF
:104210002BF8164805F0D8FA20211D4808F024F89C
:10422000124805F0D1FA19211A4808F01DF80F4874
:1042300005F0CAFA1221184808F016F80B4805F0E4
:10424000C3FA0D21154808F00FF8084805F0BCFA2C
:10425000002201233260236002B0BDE8F08100BF7C
:1042600030D0FF1FF4CFFF1F4C88FF1FFC89FF1FBA
:10427000084F0100104F0100244F01005888FF1F14
:10428000384F0100504F0100704F0100884F01006E
:10429000A84F0100CC4F0100E84F0100FC4F010086
:1042A000FFF7A0FB23682868082B71D1322868D05B
:1042B00071283FF4DEAE31287FF4DFAE07F0A2FFB5
:1042C000002800F3C581974E96F84010336D726C4C
:1042D000032984BF002186F840109348FDF772FB44
:1042E0000122692322602B6001E007F04FFF07F0F5
:1042F00089FF05460028F8D18C4805F065FA8B48FF
:1043000005F062FA894805F05FFA884805F05CFA22
:10431000864805F059FA1521854807F0A5FF83481E
:1043200005F052FA1821834807F09EFF2B460A2217
:1043300096F840107D4805F05FFA7C4805F044FA95
:1043400028217D4807F090FF706C7C4908F06CFED6
:1043500008F046FC00950B460246744805F058FAF2
:104360000221774807F080FF704805F02DFA1321ED
:10437000744807F079FF6D4805F026FA082323609A
:1043800084E607F03FFF002800F353812368286884
:10439000072B14D134283FF76AAE30287FF76DAE73
:1043A0003238022801F29384DFE800F09802AC0072
:1043B00007F028FF002800F3538123682868062BA4
:1043C00040F0AC83A0F13003412B00F2748601A2CF
:1043D00052F823F0674F0000134E00000F4B00000F
:1043E000935000006F500000535000003350000005
:1043F0001D500000B7500000ED4F0000B750000006
:10440000B7500000B7500000B7500000B750000090
:10441000B7500000B7500000B7500000B750000080
:10442000B7500000B7500000B7500000B750000070
:10443000B7500000B7500000B7500000B750000060
:10444000B7500000B7500000B7500000B750000050
:10445000B7500000B7500000B7500000B750000040
:10446000B7500000B7500000B7500000B750000030
:10447000B7500000B7500000B7500000B750000020
:10448000B7500000B7500000B7500000B750000010
:10449000B7500000B7500000B7500000B750000000
:1044A000B7500000B7500000B7500000B7500000F0
:1044B000B7500000B7500000B7500000B7500000E0
:1044C000B7500000B7500000B7500000B7500000D0
:1044D000B7500000B75000007340000007F092FE94
:1044E00000287FF76AAF11480E4E05F0CDFA08F0AC
:1044F00047FD154908F098FD012323606123F0630F
:104500002B6025E007F07EFE00287FF756AF0748B6
:10451000044E05F0B9FA012323606123A6F8CA000E
:104520002B6015E0D8D0FF1FF091FF1FFC89FF1F03
:10453000D04F0100604501007C45010000007A4435
:10454000A8450100AC4501006F12833A07F01EFE3A
:1045500007F058FE05460028F8D1AF4805F034F9B9
:10456000AD4805F031F9AC4805F02EF9AA4805F040
:104570002BF9A94805F028F91F21A84807F074FE77
:10458000A54805F021F91C21A54807F06DFE706AC9
:10459000A44908F049FD08F023FB009502460B46AC
:1045A0009D4805F035F902219F4807F05DFE9A48C5
:1045B00005F00AF923219D4807F056FEF06B994952
:1045C00008F032FD08F00CFB009502460B469248BD
:1045D00005F01EF90221944807F046FE8E4805F0CA
:1045E000F3F81921924807F03FFEB06B08F0F8FA93
:1045F00002250B4602460095874805F009F9294631
:104600008C4807F031FE844805F0DEF822218A4804
:1046100007F02AFEB6F8CA107F4805F0CDF803214E
:10462000864807F021FE7C4805F0CEF8072323607A
:104630002CE57948824E05F027FA08F0A1FC814963
:1046400008F0F2FC336D96F840107064024644E6C0
:1046500071487B4E05F018FAC1B286F8401035E675
:104660006D48774E05F010FA08F08AFC01232360AC
:104670006123B0632B606BE7734A1368B3FA83F36B
:10468000642001215B09216013602860A0F15203BE
:104690001F2B00F2BC80DFE813F0B405BA00BA00AB
:1046A000BA00BA00BA00BA00BA00BA00BA00BA003A
:1046B000BA00BA00BA00BA00B105B605030B220071
:1046C000FA0ABA00BA00BA00F70ABA00060BBA0032
:1046D000BA00BA00BA00BA00A10507F057FD07F00A
:1046E00091FD0028F9D14C4805F06EF84A4805F0D4
:1046F0006BF8494805F068F8474805F065F8464802
:1047000005F062F81321514807F0AEFD424805F06C
:104710005BF80D214E4807F0A7FD3F4805F054F81F
:104720000F214C4807F0A0FD4B4B3B48196805F0A2
:1047300043F8394805F048F81321484807F094FD3C
:10474000474B3548196805F037F8334805F03CF811
:104750001221444807F088FD434B2F48196805F0A3
:104760002BF82D4805F030F81121404807F07CFD6A
:104770003F4B2948196805F01FF8274805F024F831
:104780000E213C4807F070FD2D4B2348D3F8A810AC
:1047900005F012F8204805F017F81921364807F0FF
:1047A00063FD364B1C48196805F006F81A4805F0F9
:1047B0000BF81121324807F057FD324B16481968A3
:1047C00004F0FAFF144804F0FFFF10212E4807F010
:1047D0004BFD2E4B1048196804F0EEFF0E4804F014
:1047E000F3FF1C212A4807F03FFD2A4B0A481968AD
:1047F00004F0E2FF084804F0E7FF1321264807F021
:1048000033FD054804F0E0FF042323603EE4236801
:1048100033E4134A31E700BFFC89FF1F94470100CE
:10482000B447010000007A44A8450100D4470100C4
:10483000F8470100704701001448010038480100A2
:10484000D8D0FF1F6F12833AEC91FF1F4849010037
:104850005C4901006C49010038CFFF1F7C49010011
:10486000C8CFFF1F90490100C4D0FF1FA449010019
:10487000F8CFFF1FB8490100C84901003CCFFF1F16
:10488000E4490100DCCFFF1FF8490100A491FF1F9C
:104890000C4A01005088FF1FAC450100A94B1A6863
:1048A0000121002A0CBF0A46002221601A6041F053
:1048B000508164202860E9E6A34ADEE6A34ED6F8DC
:1048C000A830B3FA83F3642001225B092260C6F8A2
:1048D000A8302860DAE601239D482360FCF7AAFD92
:1048E0009C4B6422186023682A60082B40F02387C1
:1048F0006420FFF7C2BB984ABFE6984ABDE6012391
:10490000236007F07FFC002801F31481944B1868A2
:104910000428C4BF02221A60642223682A60E4E7E4
:10492000904AAAE6894EF36FB3FA83F35B0901223A
:10493000F367632322602B6001E007F027FC07F098
:1049400061FC0028F9D1884804F03EFF864804F055
:104950003BFF854804F038FF834804F035FF824868
:1049600004F032FF1F21814807F07EFC7E4804F0EE
:104970002BFF1E217E4807F077FC7B4804F024FFC4
:104980007C481A2107F070FCD6F88030022B01F029
:104990000A81032B01F0FE80012B01F0F2807648A2
:1049A000092107F061FC704804F00EFF14217348E0
:1049B00007F05AFCF16F6C4804F0FEFE6A4804F000
:1049C00003FF1C216E4807F04FFCD6F884106648A0
:1049D00004F0F2FE644804F0F7FE1C21694807F079
:1049E00043FCD6F8B410604804F0E6FE5E4804F0DC
:1049F000EBFED6F8805025F00207012F00F0B786B5
:104A0000022D01F0D98013215F4807F02DFC564894
:104A100004F0DAFE02232360FFF738BB4B4ED6F8D2
:104A20008430B3FA83F35B090122C6F88430632330
:104A300022602B6083E70123236007F0E3FB00285B
:104A400007DD4948414E05F01FF808F099FAC6F80D
:104A5000940023686320072B28603FF40EAB052BDE
:104A600041F018810523FFF708BB0123236007F0FD
:104A7000C9FB0028EDDD3C48344E05F005F808F090
:104A80007FFAC6F89000E4E70123236007F0BAFB41
:104A9000002801F356802D4E0122632322602B60F3
:104AA0004DE70123236007F0ADFB0028F3DD2E481E
:104AB000264E04F0E9FFC6F88C00EDE701232360E1
:104AC00007F0A0FB0028C4DD2748204E04F0DCFFDF
:104AD000A6F8C200BDE71D4ED6F8D430012213441B
:104AE000052BA8BF134622606322C6F8D4302A6083
:104AF00025E7164ED6F8803001221344042B22609D
:104B0000A8BF00236322C6F880302A6017E707F0A9
:104B100079FB002800F3FE8723682868052B3CD129
:104B2000362800F3CD8530287FF7A7AA323804282D
:104B300001F2BC80DFE810F05D014001C2002A00F4
:104B4000500100BFC4D0FF1FF8CFFF1FD8D0FF1FF8
:104B5000F091FF1F3CCFFF1FDCCFFF1FA491FF1F71
:104B60005088FF1F38CFFF1FFC89FF1F2C4A010010
:104B70004C4A01006C4A0100E44A0100F04A01007D
:104B8000084B0100284B0100AC45010007F03AFB3F
:104B9000002800F35B8623682868032B40F0C68555
:104BA000A0F13002422A3FF668AA01A151F822F092
:104BB000BB590000E55900009B590000E15A000074
:104BC000C75A0000A75A00006D5A0000575A00004B
:104BD0003B5A00001B5A00007B4000007B40000055
:104BE0007B4000007B4000007B4000007B400000D9
:104BF0007B4000007B4000007B4000007B400000C9
:104C00007B4000007B4000007B4000007B400000B8
:104C10007B4000007B4000007B4000007B400000A8
:104C20007B4000007B4000007B4000007B40000098
:104C30007B4000007B4000007B4000007B40000088
:104C40007B4000007B4000007B4000007B40000078
:104C50007B4000007B4000007B4000007B40000068
:104C60007B4000007B4000007B4000007B40000058
:104C70007B400000055A0000215700008F580000BB
:104C8000BB580000A55800002D590000D756000061
:104C9000FB5600007B400000FB5A000079590000E1
:104CA0007B4000007B4000007B4000007B40000018
:104CB0007B4000006B5900006158000007F0A2FA29
:104CC00000287FF768AFB448B44E04F0DDFEB44B63
:104CD000C6F8AC0002221A60FDF73CFD01226B23EE
:104CE00022602B6001E007F051FA07F08BFA0028F0
:104CF000F9D1A94804F068FDA74804F065FDA6486D
:104D000004F062FDA44804F05FFDA34804F05CFDDC
:104D10002121A44807F0A8FA9F4804F055FD152169
:104D2000A14807F0A1FAD6F898109B4804F044FD7A
:104D300002219E4807F098FA974804F045FD1E218D
:104D40009B4807F091FAD6F8A010934804F034FD80
:104D50000321984807F088FA8F4804F035FD1E219A
:104D6000954807F081FAD6F89C108B4804F024FD92
:104D7000894804F029FD1D21904807F075FAD6F8FE
:104D8000AC10854804F018FD834804F01DFD1E2179
:104D90008B4807F069FAD6F8B0107F4804F00CFD94
:104DA0007D4804F011FDD6F8A830012B00F01987DA
:104DB00005232360FFF76AB907F024FA00287FF77C
:104DC000EAAE7548754E04F05FFE012323606B2345
:104DD000C6F89C002B6088E7704E96F8C930012217
:104DE000B3FA83F322605B096B2286F8C9302A602C
:104DF0007BE707F007FA00287FF7CDAE6648674EDD
:104E000004F042FE012323606B23C6F8A0002B6050
:104E10006BE707F0F7F900287FF77EAE5E485F4E3C
:104E200004F032FE08F0ACF8664908F0B1F901234D
:104E30002360652370612B6001E007F0A7F907F09C
:104E4000E1F905460028F8D1534804F0BDFC52486A
:104E500004F0BAFC504804F0B7FC4F4804F0B4FC2E
:104E60004D4804F0B1FC1121574807F0FDF94A48BC
:104E700004F0AAFC2821554807F0F6F97069514959
:104E800008F0D2F807F0ACFE009502460B46424807
:104E900004F0BEFC02214E4807F0E6F93E4804F05B
:104EA00093FC16214B4807F0DFF9F069454908F0FB
:104EB000BBF807F095FE00950B460246364804F015
:104EC000A7FC0221424807F0CFF9334804F07CFCEC
:104ED000D6F8B830002B32DD1D213F4807F0C4F969
:104EE000306E08F04DF83D4908F09EF807F078FE66
:104EF000022502460B462848009504F089FC012152
:104F0000374807F0B1F9244804F05EFC1F2135480A
:104F100007F0AAF9706E08F033F8304908F084F809
:104F200007F05EFE009502460B461B4804F070FC3D
:104F30002B48012107F098F9174804F045FC2A484E
:104F4000112107F091F9D6F8B830082B00F2BA8099
:104F5000DFE813F03A013F01350130012B01260152
:104F600021011C01B40007F04DF900287FF7D4ADF2
:104F700009480A4E04F088FD00EB8000326E4300C1
:104F80001BB29342A6F8D030C8BFA6F8D020652344
:104F9000012222602B6052E7FC89FF1FD8D0FF1F3F
:104FA000DCCFFF1F3C4801006048010004470100BE
:104FB00078480100F443010098480100B848010016
:104FC000D848010000007A44744F0100C045010038
:104FD000A8450100EC45010004460100CDCCCC3DC4
:104FE0006C4B0100244601004446010007F00AF919
:104FF00000287FF791AD8548854E04F045FD07F008
:10500000BFFFF76A3946804608F0ACF900B9474659
:1050100001232360652337632B6010E77C4E96F8ED
:10502000C830012253402260652286F8C8302A60C9
:1050300005E707F0E7F800287FF76EAD7348744E78
:1050400004F022FD012323606523C6F8BC002B6019
:10505000F5E66F4ED6F8B83001221344092B2260D2
:10506000A8BF00236522C6F8B8302A60E7E607F03B
:10507000C9F800287FF750AD6448654E04F004FD80
:1050800000EB8000400001226523706622602B60E7
:10509000D5E607F0B7F800287FF73EAD5B485C4ED9
:1050A00004F0F2FC00EB8000400001226523306632
:1050B00022602B60C3E60623FEF7DFBF55481121AF
:1050C00007F0D2F8514804F07FFBD6F8B830002B37
:1050D00012DD1821504807F0C7F8D6F8BC104B482D
:1050E00004F06AFB02214D4807F0BEF8474804F07F
:1050F0006BFB464804F068FB49481B2107F0B4F8F5
:1051000096F8C830002B40F023834648122107F060
:10511000ABF83E4804F058FB1F21434807F0A4F8C1
:10512000306B07F05DFD022502460B4637480095BF
:1051300004F06EFB29463D4807F096F8334804F02A
:1051400043FB1E213A4807F08FF8B6F9D00007F06C
:1051500017FF384907F068FF07F042FD00950B463E
:1051600002462A4804F054FB0121334807F07CF83A
:10517000264804F029FB1321304807F075F823482E
:1051800004F022FB06232360FEF780BF14212C4885
:1051900007F06AF896E704212A4807F065F891E7D6
:1051A0000B21294807F060F88CE70D21274807F00C
:1051B0005BF887E70D21264807F056F882E70C21B7
:1051C000244807F051F87DE70D21234807F04CF8FB
:1051D00078E70C21214807F047F873E7D82200212F
:1051E0000B481F4E04F04CFD2B6800210122732B4D
:1051F000216032607EF44AAFFEF7D5BF044EFFF760
:10520000A7B906F067FB024E2EE000BFFC89FF1F26
:10521000D8D0FF1FD4460100E84601000447010032
:105220000847010024470100504701007047010072
:1052300074470100CDCCCC3D6C4B0100AC45010066
:10524000BC460100B4460100A84601009846010092
:105250008846010078460100584601006846010072
:105260004C88FF1F06F092FF06F0CCFF0546002891
:10527000F8D1C24804F0A8FAC04804F0A5FABF4823
:1052800004F0A2FABD4804F09FFABC4804F09CFA6E
:105290001521BB4806F0E8FFB84804F095FA142140
:1052A000B84806F0E1FFB54804F08EFA1B21B64875
:1052B00006F0DAFFB14804F087FA1321B34806F08C
:1052C000D3FFAE4804F080FAAC4804F07DFAAB4856
:1052D00004F07AFA2021AE4806F0C6FFF068AD4926
:1052E00007F0A2FE07F07CFC009502460B46A3489F
:1052F00004F08EFA0221A84806F0B6FF0221A74862
:1053000006F0B2FF9D4804F05FFA2121A44806F0A0
:10531000ABFF30699F4907F087FE07F061FC0095FD
:1053200002460B46954804F073FA02219A4806F0AB
:105330009BFF0221994806F097FF904804F044FA39
:105340001F21984806F090FFB06A07F049FC022739
:1053500002460B468948009704F05AFA0121924808
:1053600006F082FF39468D4806F07EFF834804F040
:105370002BFA20218D4806F077FFF06A07F030FC09
:10538000009702460B467D4804F042FA0121864808
:1053900006F06AFF3946814806F066FF774804F058
:1053A00013FA2321824806F05FFFB06C794907F0B9
:1053B0003BFE07F015FC009502460B466F4804F0D3
:1053C00027FA3946744806F04FFF3946734806F00D
:1053D0004BFF6A4804F0F8F91F21764806F044FFB5
:1053E000F06C6C4907F020FE07F0FAFB00950246CE
:1053F0000B46624804F00CFA3946674806F034FF61
:105400003946664806F030FF5C4804F0DDF91921A2
:10541000694806F029FFF16D584804F0CDF9394686
:10542000664806F021FF39465C4806F01DFF5348E8
:1054300004F0CAF91821624806F016FFB06E07F0B2
:105440009FFD604907F0F0FD07F0CAFB0097024698
:105450000B464A4804F0DCF901215B4806F004FFE2
:1054600039464E4806F000FF444804F0ADF92B21C0
:10547000564806F0F9FEB069464907F0D5FD07F039
:10548000AFFB009502460B463C4804F0C1F9394693
:10549000414806F0E9FE3946404806F0E5FE374847
:1054A00004F092F91F214A4806F0DEFEB16D334840
:1054B00004F082F93946394806F0D6FE2F4804F048
:1054C00083F92021434806F0CFFE716D2B4804F08C
:1054D00073F93946314806F0C7FE284804F074F9DC
:1054E00010213D4806F0C0FEF16E244804F064F936
:1054F0003946294806F0B8FE3946284806F0B4FE79
:105500001E4804F061F91321344806F0ADFE316FF6
:105510001A4804F051F90121314806F0A5FE394638
:105520001E4806F0A1FE154804F04EF910212D4842
:1055300006F09AFE716F114804F03EF9394616489C
:1055400006F092FE3946154806F08EFE0B4804F030
:105550003BF91421244806F087FEB16F074804F098
:105560002BF901211E4806F07FFE39460B4806F054
:105570007BFE024804F028F9162137E0FC89FF1F62
:10558000504C0100684C0100804C0100AC4501000A
:105590009C4C010000007A44A84501007C500100A9
:1055A000C04C0100E44C0100044D0100084D010015
:1055B0002C4D0100504D0100704D01008C4D01003B
:1055C000904D0100CDCCCC3D6C4B0100AC4D0100A9
:1055D000D84D0100F84D01001C4E0100304E010075
:1055E000444E0100484E01005C4E0100B84806F0F0
:1055F0003BFE306AB74907F017FD07F0F1FA009556
:1056000002460B46B44804F003F93946B34806F0A5
:105610002BFE3946B24806F027FEAF4804F0D4F816
:105620002421B04806F020FED6F8C400A94907F0AE
:10563000FBFC07F0D5FA009502460B46A64804F09D
:10564000E7F83946A54806F00FFE3946A44806F0AB
:105650000BFEA14804F0B8F82B21A34806F004FE85
:10566000706B07F0BDFA009702460B469A4804F0AB
:10567000CFF801219D4806F0F7FD3946984806F01D
:10568000F3FD954804F0A0F82721994806F0ECFDB9
:10569000D6F8CC008F4907F0C7FC07F0A1FA0095B7
:1056A0000B4602468C4804F0B3F839468B4806F0A6
:1056B000DBFD894804F088F803232360FEF7E6BC8D
:1056C00071287FF4CFA98B4A0023732013602360D5
:1056D0002860FEF7D2BC06F095FD00280DDD7E485F
:1056E000854E04F0D1F907F04BFC7A4907F050FDE4
:1056F00001226223306222602B6006F083FD0028C5
:105700000EDD75487C4E04F0BFF907F039FC714995
:1057100007F03EFD01226223C6F8C40022602B6020
:1057200006F070FD002818DC23682868012B7EF441
:10573000A4ACFEF7ABBF072B3FF4DAA8062B4FF063
:1057400064003FF4B8AC052B3FF48CA9FFF725BAF1
:1057500014216A4806F088FDDBE45F48664E04F0D9
:1057600093F9F0660122622322602B607CE51C2104
:10577000634806F079FDD6F89400624907F054FCBE
:1057800007F02EFA009702460B46534804F040F803
:1057900005215D4806F068FD4F4804F015F8D6F87D
:1057A0008050012D19D11D21584806F05DFDD6F815
:1057B0009000544907F038FC07F012FA00950246B1
:1057C0000B46454804F024F805214F4806F04CFDEF
:1057D000414803F0F9FFD6F8805025F00203012B71
:1057E0007FF40EA91C214A4806F03EFDB6F8C2100F
:1057F000394803F0E1FF0321464806F035FD3648FD
:1058000003F0E2FFD6F88050012D7FF4F9A81F21A4
:10581000414806F029FDD6F88C0007F0B1FB3F495E
:1058200007F002FC07F0DCF9022502460B46009562
:10583000294803F0EDFF2946394806F015FD2648B2
:1058400003F0C2FFD6F88050FFF7DAB822482A4E9C
:1058500004F01AF9274BC6F8B0000322FFF73BBA51
:10586000304B1F48022101221A6006F0FDFC1A4845
:1058700003F0AAFF2C480B2106F0F6FC0221184881
:105880001D4E06F0F1FC144803F09EFF6AE706F097
:10589000B9FC00287FF748AF0F48174E04F0F4F822
:1058A00030675FE706F0AEFC00287FF73DAF0A489F
:1058B000114E04F0E9F8B06754E706F0A3FC0028A5
:1058C0007FF732AF04480C4E04F0DEF8706749E70A
:1058D000744E010000007A44FC89FF1FA8450100B6
:1058E0007C5001008C4E0100B44E0100044D0100BB
:1058F000E04E0100DCCFFF1FD8D0FF1F384701006A
:10590000484B0100CDCCCC3D684B0100704B0100F1
:10591000904B0100B04B0100B44B01006F12833A71
:10592000D44B0100C891FF1F54450100FCF7B8FD9E
:105930000221B84806F098FCB74803F045FF022161
:10594000B44806F091FCB44803F03EFF0221B14890
:1059500006F08AFCB04803F037FF1721AF4806F085
:1059600083FCAD4803F030FF88E700227323AC4E80
:1059700022602B60FEF717BC06F044FC00287FF77E
:10598000D3AEA548A74E04F07FF807F0F9FAA64970
:1059900007F0FEFBC6F8CC00E4E606F033FC002876
:1059A0007FF7C2AE9C489F4E04F06EF807F0E8FA0D
:1059B0009D4907F0EDFB3061D4E606F023FC00289A
:1059C0007FF7B2AE9448974E04F05EF8012301468B
:1059D00023609648B16562232B60FBF7F1FF2368D3
:1059E0002868A3E606F00EFC00287FF79DAE8A48E3
:1059F0008C4E04F049F807F0C3FA8B4907F0C8FB56
:105A0000F060AFE606F0FEFB00287FF78DAE82481F
:105A1000844E04F039F87065A4E606F0F3FB002824
:105A20007FF782AE7C487F4E04F02EF807F0A8FA8C
:105A30007D4907F0ADFBB06194E606F0E3FB00287A
:105A40007FF772AE7448774E04F01EF800EB8000CA
:105A50004000B06686E606F0D5FB00287FF764AE0E
:105A60006D48704E04F010F8F0657BE606F0CAFB56
:105A700000287FF759AE68486A4E04F005F807F031
:105A80007FFA694907F084FB01230146F064674807
:105A90002360FBF7C5F923686222012B2A607EF49C
:105AA000F5AAFFF7E1BB06F0ADFB00287FF73CAE9F
:105AB00059485C4E03F0E8FF07F062FA5A4907F0D4
:105AC00067FBB0644EE606F09DFB00287FF72CAE26
:105AD0005148544E03F0D8FF07F052FAF06241E605
:105AE00006F090FB00287FF71FAE4B484D4E03F0A9
:105AF000CBFF07F045FAB06234E606F083FB0028DE
:105B00007FF712AE4448474E03F0BEFF07F038FA65
:105B1000706327E64048434E03F0B6FF07F030FAC3
:105B2000414907F035FB012323606523F0612B60B9
:105B3000FFF785B9384803F0A7FF3D4B1860FEF723
:105B4000E7BE3548374E03F09FFFC6F8B400FEF7B6
:105B5000A3BF384B00260B2031461E6004F010FD19
:105B600031460C2004F00CFD3146142004F008FDF1
:105B70003146152004F004FD642223682A60FEF7F4
:105B8000B4BE1E212C4806F06FFB234803F01CFE18
:105B9000FEF70CBF2021294806F066FB1E4803F0E3
:105BA00013FEFEF703BF1721254806F05DFB1A48D8
:105BB00003F00AFEFEF7FABE2248172106F054FB56
:105BC000D6F8D430012B47D0022B4ED0032B55D022
:105BD000042B7EF418AF1C490F48FCF74FFCFEF76E
:105BE00012BF1A48202106F03FFB96F8C93043B98E
:105BF0000A21174806F038FB074803F0E5FDFFF7D8
:105C0000D7B81C21134806F02FFB034803F0DCFD36
:105C1000FFF7CEB87C500100FC89FF1F3C45010016
:105C20004C88FF1FD8D0FF1F00007A44F091FF1F5F
:105C30005088FF1FB0CFFF1F884A0100A84A01000B
:105C4000CC4A0100D84B0100344C0100F848010057
:105C50001C490100284901001721274806F004FBD0
:105C6000264803F0B1FDFEF7CEBE1421244806F00D
:105C7000FBFA224803F0A8FDFEF7C5BE21491F48E4
:105C8000FCF7FCFBFEF7BFBE1F4EFEF730BB1E4EFF
:105C9000FFF7D5B8032B3FF4FAAD012B7EF4EDA945
:105CA000194EFEF74CBE184EFFF71FB806F0AAFAC1
:105CB00000287EF770AF1148134E03F0E5FE012374
:105CC00023606B23C6F898002B60FFF70EB806F030
:105CD00099FA00287EF771AB08480B4E03F0D4FE0A
:105CE00007F04EF9094907F09FF90123236061236A
:105CF00070622B60FEF72CBCF04B0100FC89FF1F8B
:105D0000084C0100204C0100D8D0FF1F6F12833ACD
:105D100038B5184C184B2268181D13F8011F98420B
:105D200041EA0222F9D1154B154DD3F8803022609B
:105D300002F10040022B286004D0124B1B68012B9B
:105D40000AD038BD07F01CF90F4C2060FCF7E0FFCB
:105D50000C4B1B68012BF4D10C4803F035FD29686E
:105D60000A4803F029FDBDE838400948032106F040
:105D70007BBA00BFF0CFFF1FE7CFFF1FD8D0FF1FB8
:105D8000A091FF1F38CFFF1FC091FF1FFC89FF1F8D
:105D90000C50010070B51E4B1E4C597A9A7ADB7A72
:105DA0001D4D42EA012243EA022322681B492B606F
:105DB000012A0B600CD01846194BD3F88030A0F59F
:105DC0000000022B28601BD02368012B0BD070BD74
:105DD000144803F0F9FC296812480023102203F04C
:105DE0000BFD2868E8E70F4803F0EEFC29680D4832
:105DF00003F0E2FCBDE870400B48032106F034BA22
:105E000007F0BEF8094E3060FCF782FFDCE700BF08
:105E1000E0CFFF1F38CFFF1FA091FF1FF0CFFF1F64
:105E2000D8D0FF1FFC89FF1F0C500100C091FF1F3D
:105E300038B5174B1A7BDB7A02EA0301FF2912D02F
:105E400043EA0220134B144CD3F8803000B200EB2D
:105E5000800000EB80008000022B206011D00F4BEF
:105E60001B68012B00D038BD0D4803F0ADFC216844
:105E70000B4803F0A1FCBDE838400A48032106F0B6
:105E8000F3B907F07DF8084D2860FCF741FFE6E71D
:105E9000E0CFFF1FD8D0FF1FA091FF1F38CFFF1FFB
:105EA000FC89FF1F0C500100C091FF1FF0B5934CFF
:105EB000934D944883B0214602F0FAFAD5F8803029
:105EC000022B44D02368904DB3F5407F08D22A6856
:105ED0008A498E48012A18BF0022FBF73FFB23683E
:105EE0008B4A23F060431A440E2A0CD82A68012AF0
:105EF00000F0AB8000231A4680498448FBF772FA11
:105F0000236823F06043834A1A443E2A0CD82B6846
:105F1000012B00F09180012378497C480022FBF797
:105F2000ABFA236823F060437B4A1A440E2A09D84F
:105F30002A6872497548012A4FF0020318BF0022EF
:105F4000FBF79AFA2B68012B3AD003B0F0BDD5F8D5
:105F5000D4202368012A00F0A080022A7ED0032AE0
:105F600021D140F22252934200F0BF8040F22352EE
:105F7000934200F0B18040F221529342A3D1A28912
:105F8000608940EA0240654A00BA1060D5F8802076
:105F9000022A13D106F0F4FF614E3060FCF7B8FE20
:105FA000D5F8D4202368042A8DD1D9005D4A40F168
:105FB0008380C3F31121914200F08180524D8FE71D
:105FC000594B5A481B680193019900230A2203F098
:105FD00013FC2268E3795648002AB6BF5549564952
:105FE00022F0604207F0C0FF514808F0C9F90146AD
:105FF0004F4806F039F9256815F080453AD1E37924
:10600000A3B14E4F4A4E2B46234439461A7A3046A6
:1060100007F0AAFF304608F0B3F90146304606F013
:1060200023F90135E279EBB29A42EDD83F4803B04B
:10603000BDE8F04003F0C8BB1A4630493348FBF7CF
:106040001BFA236823F060436EE700232B492F4897
:10605000FBF7C8F9236823F0604354E76FF47070CE
:106060001A18012A3FF62FAFFFF794FED5F8D42077
:10607000236874E7324D2E4C0FCD0FC495E8030012
:1060800044F8040B204620F8141908F079F9014669
:10609000A4F1140006F0E8F8C8E740F2C1329342D8
:1060A00014D040F2C23293427FF40DAFFFF730FEBE
:1060B000D5F8D420236850E793427FF404AF227AC6
:1060C000002A7FF47BAFFFF7B3FEFBE6FFF762FE2B
:1060D000D5F8D420236840E76289A08919490A4D80
:1060E00042EA004212BA0A60FAE66289A0891649B9
:1060F000054D42EA004212BA0A60F1E6E0CFFF1F06
:10610000D8D0FF1FCCD1FF1F38CFFF1FF091FF1F4A
:106110008FAB56E9FFABAAE510AAAAE5A091FF1F35
:10612000C091FF1F14F20100C0D3FF1FFC89FF1FA5
:1061300044D0FF1F1050010038500100645001008E
:106140004C500100C0D1FF1FBCD1FF1F2DE9F84FFB
:106150008F4B1B78052B06D18E498F4A00230B608D
:106160001360BDE8F88F8D4C8A4E8B4DA26E236E66
:106170008B4832602B60FBF7A9FCE16A07F0F2F86C
:1061800010B1B4F9D0302B608548FBF79DFCA16AB3
:1061900007F006F910B1002333602B608048FBF74D
:1061A000E3FBE16807F0FCF808B100232B607C48B2
:1061B000FBF7DAFBE16807F0F3F808B100232B6086
:1061C0007748FBF7ABFB216907F0CCF898B10023C7
:1061D0003360B4F9D0202B689A4262DB3368002B1D
:1061E000B7BF2B682B6800223260002BBCBF002396
:1061F0002B60BDE8F88F6A48FBF790FBA16907F0B8
:10620000B1F80028E3D13368002BE2DD6448FBF7E6
:106210005BFC616B07F0C4F8002840F08E8060489A
:10622000FBF77CFBD4F8C4100746A06906F0F4FD28
:106230000146384607F096F80028CAD0306806F0C4
:106240009FFE80465648FBF769FB8146A06ED4F856
:1062500018A006F095FE51460746484606F0DAFDBE
:1062600039468146002006F0D5FD0146484606F035
:10627000DBFED4F8C4108146504606F0CDFD5146F1
:1062800006F0C8FD0146484606F082FF394606F092
:10629000C3FD0146404606F0BDFD07F08BF83060B7
:1062A00097E73F48FBF712FC216B07F05BF80028EB
:1062B00040F0BE803B4B3A481B68012B74D0FBF783
:1062C00053FBE1690746606906F0A4FD01463846C4
:1062D00007F066F8002881D0286806F051FE804655
:1062E0002F48FBF741FBD4F81490E16982464846F9
:1062F00006F090FD636E0746206EC01A06F040FE61
:1063000039460446504606F085FD0146204606F013
:106310008BFE39460446484606F07CFD0146204681
:1063200006F036FF002106F077FD0146404606F0F4
:1063300071FD07F03FF8286050E7306806F020FE56
:1063400007461748FBF7C0FB8146A06ED4F834A07F
:1063500006F016FE51468046484606F05BFD0146B3
:10636000404606F061FE51468046A06A06F052FDA6
:106370000146404606F00CFF002106F04DFD0146A7
:10638000384606F047FD07F015F8306047E700BFD4
:1063900034CFFF1FCCCFFF1F40CFFF1FD8D0FF1F30
:1063A000F091FF1FB0D1FF1FFBF7DEFAE16907464E
:1063B000206A06F02FFD0146384606F0F1FF00285E
:1063C0003FF40CAF286806F0DBFD81463148FBF74F
:1063D000CBFAD4F820A0E1698346504606F01AFDB6
:1063E0008046606E06F0CCFD0746206E06F0C8FDC4
:1063F000394606F00FFD41460446584606F00AFDB0
:106400000146204606F010FE41460446504606F07E
:1064100001FD0146204606F0BBFE394606F0FCFCB5
:106420000146484606F0F6FC06F0C4FF2860D5E6B3
:10643000286806F0A5FD80461648FBF747FBB4F92F
:10644000D0308146206EC01A06F09AFDD4F82CA0F8
:1064500007465146484606F0DDFC39468146002095
:1064600006F0D8FC0146484606F0DEFD514681465E
:10647000206B06F0CFFC0146484606F089FE3946FF
:1064800006F0CAFC0146404606F0C4FC06F092FF46
:1064900028600FE7F091FF1F08B5284803F094F932
:1064A0002748072105F0E0FE112004F08FF800B323
:1064B0002448062105F0D8FE122004F087F808B31E
:1064C0002148062105F0D0FE122004F07FF810B319
:1064D0001E48062105F0C8FE132004F077F818B313
:1064E0001B48062105F0C0FEBDE80840134803F034
:1064F0006BB91848062105F0B7FE122004F066F8C3
:106500000028DDD11448062105F0AEFE122004F06B
:106510005DF80028DCD11148062105F0A5FE132006
:1065200004F054F80028DBD10D48062105F09CFE4C
:10653000BDE80840014803F047B900BFFC89FF1FD0
:1065400070500100785001008850010098500100FF
:10655000A85001008050010090500100A05001009F
:10656000B050010010B5294C2368042B26DC012112
:106570000B2004F005F801210C2004F001F80121A2
:10658000142003F0FDFF0121152003F0F9FFFF2186
:10659000162003F079FEFF21172003F075FEFF217E
:1065A000052003F071FEFF21062003F06DFE236835
:1065B00001330A2BC8BF0023236010BD00210B202C
:1065C00003F0DEFF00210C2003F0DAFF002114208D
:1065D00003F0D6FF0021152003F0D2FF0021162082
:1065E00003F052FE0021172003F04EFE002105208B
:1065F00003F04AFE0021062003F046FE2368013323
:106600000A2BC8BF0023236010BD00BFC8D0FF1FE6
:10661000F8B50F4F0F4C104E3B6823602146002306
:1066200008253046A360E360E57101F0FDFF01201D
:1066300004F036F83B682360084AE5714FF0405398
:1066400030462146A260E360BDE8F84001F0ECBFAF
:106650004888FF1F34D0FF1FCCD1FF1F4501280001
:1066600030B5AF4883B0092104F0D0FA222004F0FD
:1066700051FAAC4BD3F8A830012BAB4B1B7809D0A7
:10668000052B10D8DFE813F0320137013C0141013E
:106690002D010B00002B00F03D81052B03D1A348F9
:1066A000072104F0B3FA222004F034FAFF2004F0AA
:1066B00031FAFF2004F02EFA9D4CFF2004F02AFA54
:1066C0009C48082104F0A2FA21689B4803F074F862
:1066D000FF2004F01FFAFF2004F01CFAFF2004F052
:1066E00019FA9648092104F091FA2168924803F0BA
:1066F00063F8FF2004F00EFAFF2004F00BFAFF20ED
:1067000004F008FA8E480C2104F080FA8D4B8E4973
:10671000186806F03DFD06F063FA002402460B46B9
:106720000094854803F074F8FF2004F0F3F9FF208B
:1067300004F0F0F9FF2004F0EDF90921834804F09A
:1067400065FA8348FBF762F906F04AFA00940246BC
:106750000B46794803F05CF8FF2004F0DBF9FF20DA
:1067600004F0D8F9FF2004F0D5F90C21794804F0A1
:106770004DFA7748FBF7AAF906F032FA0094024680
:106780000B466D4803F044F8FF2004F0C3F9FF20E6
:1067900004F0C0F9FF2004F0BDF90D216E4804F0AB
:1067A00035FA6B48FBF790F906F01AFA00940246A6
:1067B0000B46614803F02CF8FF2004F0ABF9FF20F2
:1067C00004F0A8F9FF2004F0A5F90921634804F0BA
:1067D0001DFA5F48FBF7ECF8614906F025FC06F06E
:1067E000FFF9009402460B46534803F011F8FF20CE
:1067F00004F090F9FF2004F08DF9FF2004F08AF9ED
:106800000C21584804F002FA5148FBF787F8564922
:1068100006F00AFC06F0E4F9009402460B464648EE
:1068200002F0F6FFFF2004F075F9FF2004F072F982
:10683000FF2004F06FF90D214C4804F0E7F94448BB
:10684000FBF792F8484906F0EFFB06F0C9F900940F
:1068500002460B46384802F0DBFFFF2004F05AF9ED
:10686000FF2004F057F9FF2004F054F940480921B3
:1068700004F0CCF93F4B3048196802F09DFFFF202F
:1068800004F048F9FF2004F045F9FF2004F042F934
:106890000E21394804F0BAF92D48FBF765F8054692
:1068A0002B48FBF73BF80146284606F0B3FA2E4981
:1068B00006F0BAFB06F094F9009402460B461E4817
:1068C00002F0A6FFFF2004F025F9FF2004F022F9D2
:1068D000FF2004F01FF9FF2003B0BDE8304004F0B2
:1068E00019B926480B2104F091F9DCE62448062169
:1068F00004F08CF9D7E62348072104F087F9D2E6A3
:106900002148072104F082F9CDE62048082104F04F
:106910007DF9C8E61E48082104F078F9C3E600BFF7
:10692000B8500100D8D0FF1F34CFFF1F74430100BF
:106930002888FF1FD0500100BC88FF1FDC500100D9
:10694000E8500100C4CFFF1F0000C842F85001000A
:10695000F091FF1F04510100145101002451010066
:10696000000020413051010000007A4440510100F4
:10697000505101005888FF1F5C5101005443010031
:10698000444301004C43010060430100684301009F
:10699000C4500100F8B5AB4ED6F8B850042D00F045
:1069A0006F81032D00F02481012D00F0AE80022DB7
:1069B00078D0062D02D0082D3ED0F8BDA24C706DC7
:1069C00008235022E3714FF45C432260238106F0D8
:1069D000D7FA716906F028FB9C49054606F0E0FCF1
:1069E000002840F07A8101229023A272984AE37233
:1069F00000211068217306F0C3FA294606F014FB43
:106A00009449054606F0AEFC002800F07C819249CE
:106A1000284606F0BDFB06F0F3FCC0F3072318463A
:106A20000122607388498D48E273A37301F0FCFD75
:106A3000D6F8B850082DC0D1834C8848E57140F293
:106A400085230027214623604FF43603A360A781E6
:106A5000A77301F0E9FD022003F022FE40F2862335
:106A6000706D2360E57106F08BFA716906F0DCFA4F
:106A70007B4906F0D9FA06F0C3FC7A4A744B1168D8
:106A80001B6893FBF1F3782B42BAA8BF7823214609
:106A90002281A372E772A781A7737048BDE8F8400E
:106AA00001F0C2BD684C6D48257240F20E33236080
:106AB00021460123E37101F0B7FD654B706D1B6842
:106AC0005B00FF2B4FF00402D4BFDBB2FF234FF477
:106AD0004171E271402221602272637206F050FA25
:106AE000716906F0A1FA5949054606F059FC0028DB
:106AF00040F0FF8001239020E07253495748A37271
:106B000001F092FDD6F8B85053E7574B4E4C196838
:106B10002160072280231020E271237203F056FDCA
:106B2000002800F0E480514B1B68494D4D4F706DBB
:106B300003EB83035A00D2B2C3F3C7136372A2728A
:106B40002B683A6893FBF2F3A3731B12637306F08E
:106B500017FA716906F068FA454B196806F05AF998
:106B60003F4906F061FA06F04BFC2073C0F30720A2
:106B70003549E072394801F057FD022003F090FDDD
:106B80003C4B1B6823600723E37110208023237292
:106B900003F01CFD002840F0B880374B1B68706D77
:106BA00003EB83035A00D2B2C3F3C713A27263721A
:106BB00006F0E6F9716906F037FA304B196806F00D
:106BC00029F9274906F030FA06F01AFC2073C0F3C1
:106BD00007202B683A68E07293FBF2F31A491F48CA
:106BE000A3731A12627301F01FFDD6F8B850DEE6E7
:106BF000154C706DA57240F2FF23072223604EF6FC
:106C00000103E271238106F0BBF9716906F00CFA09
:106C1000134906F009FA06F0F3FB124A0C4B11680F
:106C20001B6893FBF1F380B2020AE07263730B48B6
:106C300022731B122146A37301F0F6FCD6F8B8505C
:106C4000B2E600BFD8D0FF1F34D0FF1F000048437A
:106C500040CFFF1F00404E4500007043CCD1FF1FC6
:106C6000000020416488FF1F4088FF1F6088FF1FCD
:106C700048CFFF1F4488FF1F5C88FF1F44CFFF1FC2
:106C8000234C244AE388706D226003F0FE0343F432
:106C9000006343F00103E38006F072F9716906F0C6
:106CA000C3F91D4906F0C0F906F0AAFB1B4B1C4AAC
:106CB0001B68126893FBF2F340BA5BBA002720818D
:106CC000214618486381E76001F0AEFCA379D6F84D
:106CD000B85067F30003A37163E60F49284606F036
:106CE000A3F906F08DFBC0F30722C3B27DE60E4B7D
:106CF0001AE72946284606F08FF806F081FBC0F314
:106D00000723C0B2F8E696238AE6084B46E700BFA1
:106D100034D0FF1FF4E506180000204140CFFF1FCC
:106D20006488FF1FCCD1FF1F5C88FF1F6088FF1F96
:106D30002DE9F04F994C97B001E0FFF7B7F82046E6
:106D400001F084FB0028F8D105F05CFA002801DD91
:106D5000FDF736F9924E934D3368012B2ED1924CAC
:106D60002368924A0B930B9B11685B1AB3F5FA7F69
:106D700050D823688E4E12933268129B9B1A44F6A9
:106D8000206293422ED823688A4A14931168149B78
:106D90005B1AD5F8BC108B420DD923681593D5F832
:106DA000A83015991160012B00F0D680824B1B781A
:106DB000032B00F0D18017B0BDE8F08FFCF718FD71
:106DC000D5F8A8407C4F012C3B7800F00D81052BB5
:106DD00000F2A880DFE813F016022F029602E50207
:106DE0000F02B7027548F9F7F5FF002840F0A580BB
:106DF000734B1B68002B40F0EB816F4B05221A7020
:106E0000704A136843F00803136023681393139BBD
:106E10003360B8E723680C93DFF8ACA10C9B67489C
:106E20001360FAF7B7FCDAF80030012B00F05C8150
:106E3000D5F8A820012A00F09480002B40F05E8154
:106E4000DFF87C915C4FD9F8003033B1FBF79AFD45
:106E50005E4B5A481968FAF775FEDFF87481D8F866
:106E60000030002B40F089815A4B1B68002B40F00A
:106E700081813368002B00F03481FFF773FB564E9D
:106E8000FCF744FAFFF762F9FCF76EFEFFF7C0FB70
:106E900033684A4823B9DAF80030012B00F00F8339
:106EA000FAF7C8FA3368984200F07281D9F80030D6
:106EB000002B40F07A81434A05233B70136843F06E
:106EC00004031360FBF79CFBD8F80030012B01D0C2
:106ED000FFF7C6FB3B78052B00F0458172B63F4BB0
:106EE0004AF202614BF2804299819A8162B640E790
:106EF0003B4B0024214615201C6003F041FB21463A
:106F0000142003F03DFB21460C2003F039FB214601
:106F10000B2003F035FB334B1C602B4B1968012908
:106F200000F06B82204CD5F8803023F00203012B57
:106F30007FF416AFFBF7ECFE12E7224A136823F04A
:106F4000080313601C4A117805297FF45EAF002BFB
:106F50007FF45BAF137058E717B0BDE8F04FFFF751
:106F600019BD002B3FF46CAF1448FAF7D7FC296920
:106F700006F0F8F9002800F0D083DFF84490D9F843
:106F80000030002B40F029840E4A0B4F136843F069
:106F90000103136005233B705FE700BFCCD1FF1FE7
:106FA000C4D0FF1FD8D0FF1FC0D3FF1F04D0FF1FC6
:106FB0004CCFFF1F08D0FF1F34CFFF1FF091FF1FE2
:106FC0004C88FF1FB091FF1FCC91FF1F5088FF1FFF
:106FD000A491FF1FF8CFFF1F3CCFFF1F00200540EB
:106FE000AC91FF1FB0CFFF1F052B81D0002B3FF4CA
:106FF0007FAFDFF8C08295F8C920D8F8003043F0A1
:107000000403C8F80030002A40F03582AA4CDFF8AB
:10701000AC92112003F0DAFAD9F80030002800F021
:10702000248213B90123C9F80030A548FAF79CFC63
:10703000A96C06F0B5F9002840F07782D9F80090E5
:10704000A04BB9F1010F18609D4800F05482FAF787
:107050008BFCE96806F0A4F9002800F0F7822368A9
:107060000593994B1A68059B9B1AB5F8CA20934261
:1070700000F231839248FAF751FC296906F072F95F
:1070800040B98F48FAF74AFCA96906F06BF9002865
:1070900000F058830B2003F099FA012800F0578282
:1070A0008A4B1B68012B7FF43EAF95F8C9308448AA
:1070B000002B40F07183FAF731FC296906F052F990
:1070C00040B97F48FAF750FCE96806F069F90028F2
:1070D00000F0248401210C2003F052FA05233B70B8
:1070E00021E7FBF737FBCAE6764B1B68012B00F064
:1070F000FB81D5F8A830012B3FF436AF7048FAF782
:107100000DFC296906F02EF92368002840F06B81F8
:107110000E930E9AB5F8CA306D4F13446D4A136042
:107120006748FAF721FC296906F01CF9002800F0ED
:10713000D18105233B706248FAF716FCE96806F036
:107140002FF92368002800F0AE810F93624BDFF81F
:107150008C911A680F9B9A4280F0AE8105233B7098
:10716000D9F8003071E65E4B1B68002B7FF4B6AE99
:107170003B70B3E6FFF790F97BE623681193594A19
:10718000594B11991B6812684D48FAF745FE6BE69A
:107190006B6DAA6D02FB03F398427FF487AE504AF1
:1071A000136823F0040313608CE602214F4805F0B6
:1071B0005BF84F4802F008FB1D214E4805F054F8DB
:1071C00002214A4805F050F8494802F0FDFA72E6FB
:1071D0000221464805F048F8454802F0F5FA192121
:1071E000454805F041F80221404805F03DF8404887
:1071F00002F0EAFA01E6414B2F4C00221A60FCF73C
:1072000085FA90E63D4B0024214615201C6003F0D2
:10721000B7F92146142003F0B3F921460C2003F0FE
:10722000AFF921460B2003F0ABF9224B1C60012380
:10723000214C3B7077E6314B0024214615201C6021
:1072400003F09EF92146142003F09AF921460C2000
:1072500003F096F921460B2003F092F9154B1848DC
:107260001C60FAF781FBA96C06F09AF8002840F040
:10727000DB81144B1860122003F0A8F9012800F0FC
:10728000CA820D4C112003F0A1F901287FF44BAE06
:107290000B48FAF743FBA96906F082F800283FF48F
:1072A00042AE22680A9204233B70154B0A9A1A6078
:1072B00039E600BFB0CFFF1FC0D3FF1FB0D1FF1F03
:1072C000F091FF1FE891FF1FCCD0FF1FCC91FF1F53
:1072D00034CFFF1FD491FF1FB491FF1F4C88FF1FB5
:1072E000B091FF1FC4CFFF1F2888FF1F7C500100F3
:1072F000FC89FF1F1052010030520100AC91FF1FAA
:10730000B891FF1FA34B012411201C6003F05EF90C
:1073100000B93C70122003F059F901287FF402AE45
:107320009D48FAF721FBE9690446686905F072FD9A
:107330000146204606F016F800283FF4F3AD03237B
:10734000964C3B70EFE5934B0024214615201C60C2
:1073500003F016F92146142003F012F921460C20FF
:1073600003F00EF921460B2003F00AF98C4B8A48F2
:107370001C60FAF7D3FA296906F008F800283FF4F0
:10738000D1AD8548FAF7F0FAE96805F0F5FF002875
:107390003FF4C8AD112003F019F900283FF447AFBE
:1073A000C0E57C4B7F4C0022012114201A6003F0C1
:1073B000E7F87948FAF7D8FAA96C05F0F1FF003838
:1073C00018BF012020607448FAF7CEFA696905F009
:1073D000E7FF002840F00081122003F0F7F80028B2
:1073E0003FF425AF9EE5704A0D930D9B12686F4FD9
:1073F0009A423CBF05233B7092E695F8C930002BBA
:1074000040F0BF800C2003F0BBF86348FAF786FA1F
:10741000296905F0C5FF00283FF484AD5E48FAF7FE
:10742000A3FAE96805F09EFF00283FF47BAD5A48B7
:10743000FAF74AFBA96A05F095FF00283FF472AD00
:107440005548F9F7F7FF5A4A126890427FF46AAD3F
:107450006A6DA96D01FB02F290427FF463AD554B5A
:107460001B68002B3FF4E3AE5CE5012B7FF4DDAD40
:10747000C9F80000D9E54848FAF750FA296905F03B
:107480008FFF40B14448FAF76FFAE96805F06AFFE8
:10749000002840F0D8810021152003F071F8464BF8
:1074A00000221A60B2E51093109AB5F8CA30DFF8DE
:1074B0000C911344424A1360D9F80030C5E4F9F73F
:1074C000B9FF2B6D30606A6C95F840103248FAF7BE
:1074D00079FAF7E43048FAF7F7FAA96A05F060FF9D
:1074E00000287FF426AE26E62B480021F9F79AFC07
:1074F000DAF800309CE4FAF737FA296A05F050FF11
:107500008246002840F0CB802E4B1B68002B00F0F9
:10751000C6802D4BD3F800B0BBF1010F00F0E6811F
:107520000121142003F02CF8A4E51B48FAF71CFAFB
:1075300082461948FAF7F2F9E96C05F06DFC01464C
:10754000504605F02DFF003818BF012076E523686E
:1075500007931E4B1A68079B9B1AB5F8CA209342E3
:107560007FF69EAD1A4802F02FF91221194804F057
:107570007BFE174802F028F900210B2003F000F8E9
:107580008EE521460C2002F0FBFF2146152002F07B
:10759000F7FF3AE7AC91FF1FF091FF1FC0D3FF1F29
:1075A000B0CFFF1FE891FF1FD491FF1F34CFFF1F03
:1075B0003CCFFF1FB091FF1F2CD0FF1F4C88FF1F37
:1075C000B491FF1F40CFFF1FA891FF1FB4D1FF1F31
:1075D000FC89FF1FC0510100B048FAF779FAE96948
:1075E0000446686905F016FC0146204605F0D8FE01
:1075F000AB4B002800F0258164221A60AA6DEB6D68
:107600004FF47A7002FB03F303FB00F005F0B8FCC3
:10761000A44905F0BDFDA44A00211060142002F029
:10762000AFFF01233B70D7E69C48FAF79DF904466B
:107630009A48FAF773F9E96C05F0EEFB014620462B
:1076400005F0AEFE003818BF012012E69348FAF7A5
:107650008BF9696905F0A4FE00287FF400AD934B17
:107660001B68002B3FF4FBACDFF844B22368DBF867
:1076700000A006938F4B069A1A60BAF1010F00F032
:107680006781142002F0A2FF00287FF4F3AC8A483F
:1076900002F09AF889498848FAF7F0FE40E700219D
:1076A000142002F06DFFAA6DEB6D814902FB03F31C
:1076B0004FF47A7003FB00F0794A01230B606423D6
:1076C000136005F05DFC7749DFF8DC9105F060FDA3
:1076D000C9F80000CEE4142002F078FF01288146AA
:1076E0007FF4C8AC744802F06FF81121744804F0BC
:1076F000BBFD714802F068F81420002102F040FF41
:10770000AA6DEB6D02FB03F3694A4FF47A70C2F87D
:10771000009003FB00F0624AD1E76048FAF724F9D1
:10772000296905F01FFE00287FF427AC654ADFF8C1
:1077300098911368654F23F001031360D9F8003066
:10774000FFF783BB23680893614B089A53481A607C
:10775000FAF7E4F8D5F8CC108146A86905F05CFB8F
:107760000146484605F01CFE00283FF499AC0B206A
:1077700002F02CFF00287FF493AC4F4802F024F86D
:107780001821544804F070FD4B4802F01DF8012107
:107790000B2002F0F5FE83E4FAF7C0F8296905F042
:1077A000E1FD40B93D48FAF7DFF8E96805F0F8FD7A
:1077B000002800F0C28000210C2002F0E1FED8F881
:1077C0000030002103F0FD031520C8F8003002F05E
:1077D000D7FE05233B70FFF7A6BB02213E483B4F77
:1077E00004F042FD344801F0EFFF1D213B4804F056
:1077F0003BFD0221384804F037FD2F4801F0E4FF3B
:10780000304A136843F00103136005233B70D9F835
:107810000030FFF71ABB2148FAF7A6F8E9690446D9
:10782000686905F0F7FA0146204605F09BFD00283F
:107830003FF427AD95F8C8303BB30323284C3B7089
:1078400020E55F22D9E60C2002F0C0FE002800F0FF
:10785000C080DFF89090224C2368D9F80020029372
:10786000D5F898301344029A9342C0F0968022686B
:107870000492049A03F57A739342BFF4C8AB0021D3
:10788000152002F07DFEFFF7C2BB154C04233B70B0
:1078900023680993144B099A1A60F3E4F091FF1FCF
:1078A0002888FF1FE4388E3EE491FF1F40CFFF1F62
:1078B000A891FF1FCCD0FF1FFC89FF1F9C51010026
:1078C00088510100B091FF1F4C88FF1F34CFFF1F6C
:1078D000B4D1FF1FD45101007C500100F0510100D0
:1078E000C0D3FF1F2CD0FF1FB891FF1F5C48FAF7D1
:1078F0003BF8E9698146286A05F08CFA014648465A
:1079000005F030FD574B00283FF4B4AB5946142026
:10791000C3F800A002F034FEFFF7ACBB5048FAF702
:10792000D3F8A96A05F03CFD014600287FF4D2ABEC
:107930000C2002F025FEFFF7F6BA4948FAF7C4F822
:10794000A96A05F02DFD00287FF435AFFFF7EBBAEB
:107950004348FAF709F8E9698146686905F05AFA77
:107960000146484605F0FEFC00283FF483AB142096
:1079700002F02CFE814600287FF47CAB3A4801F0EF
:1079800023FF3A493848FAF779FD51461420CBF8DD
:10799000009002F0F5FDFFF76DBB0C2002F016FE23
:1079A00088B9334BD3F800A00021504605F0F8FC0D
:1079B00008B90AF1004AD5F8A00005F0E1FA5146ED
:1079C00005F0EEFC68BBD9F80020D5F898301344D8
:1079D0004DE7152002F0FAFD824600287FF439AF0A
:1079E0002146244CDFF8909023680193019BC9F84D
:1079F0000030152002F0C4FD1B4801F0E5FE1F49D0
:107A00001948FAF73BFDD9F80010174853460A22E7
:107A100001F0F2FE144801F0D7FE134801F0D4FE45
:107A20001AE701210C2002F0ABFDD8F800300E4817
:107A300043F00203C8F8003001F0C6FE10490A48BE
:107A4000FAF71CFD084801F0BFFE23680393039A70
:107A5000D5F898301A44C9F80020134407E700BF4E
:107A6000F091FF1FA891FF1FFC89FF1F9C5101008F
:107A7000C4CFFF1FC0D3FF1F2CD0FF1F6C510100CC
:107A80007C51010010B502F085F80B48F9F76EF94A
:107A90000A48FAF759FC0A4A0A48126800230121E9
:107AA00001F0ECFB942002F0BFFA044600F0B2FFB4
:107AB000054B1C6010BD00BFF091FF1F50CFFF1F92
:107AC0005488FF1F0CD0FF1FDC91FF1F2DE9F043EE
:107AD0004FF47A6087B002F0E3FD00210F2002F03E
:107AE00083FD00210E2002F07FFD0021112002F015
:107AF0007BFD0021102002F077FD0021122002F012
:107B000073FD0021132002F06FFD01210B2002F014
:107B10006BFD00210B2002F033FD01210C2002F04F
:107B200063FD00210C2002F02BFD0121142002F046
:107B30005BFD0021142002F023FD0121152002F03D
:107B400053FD0021152002F01BFD0121162002F03B
:107B50004BFD0021162002F013FD0121172002F039
:107B600043FD0021172002F00BFD0121052002F04A
:107B70003BFD0021052002F003FD0121062002F05B
:107B800033FDB24CB24DB34E0021062002F0F8FC9A
:107B900001210D2002F028FD208805F0EDF90146B5
:107BA000162002F083FC208805F0E6F90146172034
:107BB00002F07CFC208805F0DFF90146052002F088
:107BC00075FC208805F0D8F900240146062002F053
:107BD0006DFCA14AA1499F480094234600F05AFB3E
:107BE0002B79E2B26FF300032946304601342B7142
:107BF00000F0DCFA082CF3D1954F964E09242B792E
:107C0000E2B243F001033946304601342B7100F0F3
:107C1000CDFA0D2CF3D1924C924F2368924ED3F8AB
:107C20008400DFF84892102101F0CCF9236810217C
:107C3000D3F8840001F08CF823680221D3F8840083
:107C400000F06EFF23680221D3F8840001F066F98A
:107C50002368874CD3F884000F2101F017FA3D68A0
:107C600040F2EE2804F006FC2378002B00F045815A
:107C70003378D80740F141813B68D9F800209B1A3E
:107C80000E2B40F23A810C217A4804F0EDFA7A4842
:107C900001F09AFD0D21794804F0E6FA764801F0EA
:107CA00093FD4FF4E131764801F0D4FB724801F0C6
:107CB0008BFD1721734804F0D7FA6F4801F084FD5B
:107CC000714B5B78990600F172816F4B5B781A07F4
:107CD00000F165816C4B5B785B0700F158816A4B62
:107CE0005B789E0700F13F81674B1B781D0600F112
:107CF0004681654B1B785C0600F12D81624B1B7839
:107D0000980600F12081604B1B78590700F1138120
:107D10005D4B1B781A0700F106815B4B1B789B07B4
:107D200000F1F980544801F04FFD72B6574B4CF208
:107D300020514DF628122024D981DA812246013AB9
:107D4000FDD100224FF480519980DA80DA821A88BE
:107D500092B242F0D3021A8062B64D48DFF8348105
:107D60004FF4E13101F02EFC21464B4804F07CFA3F
:107D7000414801F029FD08F1FF3408F1D706C8F1A8
:107D80000105281901F03CFF04F8010FB442F8D1B5
:107D900098F80030122B04D0374801F015FDFAF79F
:107DA0007FFB0420FAF768F93C4B3D4C002201218F
:107DB0000D201A6002F0E4FBD8F858103948F9F7A2
:107DC000FFFDD8F85030D8F8442098F840103548D6
:107DD000F9F7F8FDD8F84C103248F9F721F84FF4CC
:107DE0007A7001F00DFFD8F884302060012B01D0AB
:107DF000642802DD2C4B00221A600E212B4804F06F
:107E000033FA1D4801F0E0FC21681B48284C01F0C2
:107E1000D3FC284B284A1B683968059182FB030272
:107E2000DB17A3EB2213254A0599126813FB02F313
:107E30003A6804922380224A224B04981160186009
:107E400021490422132002F04DF93FE07488FF1FFE
:107E5000D4CFFF1FCCD1FF1F68D3FF1F20A1070085
:107E6000DC91FF1FC0D3FF1FDCD5FF1FE0D5FF1F34
:107E7000B8D5FF1F4C520100FC89FF1F5C52010066
:107E8000BC88FF1F6C52010000F007400020054035
:107E9000D088FF1FD8D0FF1F70530100FCCFFF1FF9
:107EA0002888FF1FF091FF1FC491FF1F945301000A
:107EB000D4D0FF1F7088FF1F1F85EB516C88FF1FF8
:107EC000B891FF1FBC91FF1F752300003C4B23227C
:107ED0000121197014205A703A4902F0FBF84FF052
:107EE000E0234FF48012C3F800213A680392364B26
:107EF000039A1A6007B0BDE8F0833B6822785B1BE9
:107F000032B1B3F5FA6F3FF6BEAE04F0B3FAA9E6AC
:107F10004345FAD9B7E618212C4804F0A5F92C48B6
:107F200001F052FCFEE619212A4804F09DF9284888
:107F300001F04AFCF1E61C21274804F095F9244899
:107F400001F042FCE4E61321244804F08DF92048B6
:107F500001F03AFCD7E61221214804F085F91C48CB
:107F600001F032FCCAE617211E4804F07DF91848DA
:107F700001F02AFC1C4B1B781D067FF5BAAE0E21C2
:107F80001A4804F071F9124801F01EFCB1E60E2106
:107F9000174804F069F90E4801F016FC9FE60C2121
:107FA000144804F061F90A4801F00EFC92E6212120
:107FB000114804F059F9064801F006FC85E600BFB7
:107FC00000D00740252400004CCFFF1F5453010070
:107FD000FC89FF1F385301001853010004530100AE
:107FE000F0520100C852010000F00740E0520100C9
:107FF000B8520100A85201008452010000207047CD
:10800000704700BF38B51B4B1B491A790446002541
:10801000216022F003021D21C4F8F8101D601A71BE
:10802000022010232021A4F8983184F89401A4F8A8
:108030009611C4F8A0502946C4F8B050402204F16B
:10804000B40006F073F8C4F88450C4F88850C4F83B
:108050008C50C4F890509822294604F1FC0006F098
:1080600065F81F220F23C4F80021C4F80C31204604
:1080700038BD00BF68D3FF1F0040024070B52D4ED1
:10808000B6FBF1FCBCF1050FB6FBFCF44FF00005AC
:10809000A1EB040421D92B4603F1010E0233BCFBF2
:1080A000F3F2192A02FB03F30FD8B6FBF3F3CB1A52
:1080B000002BB8BF5B42A34209DA1C4675460B2A67
:1080C00006D9122A9CBF1C4675467346E4E7F6D0D3
:1080D000052AFAD86B1CBCFBF3FCACF1050CBCF117
:1080E000140F1ED8B4F5967F1BDC134B00680CEB05
:1080F0004C0C03EB0C0213F80C1053789278DB0451
:10810000120403F4601302F4E02201F007011343A8
:108110000B4343F4800343F4804343EA0563436025
:1081200070BD0648392104F09FF8BDE8704004484E
:1081300001F04ABB0024F4007C88FF1FA453010017
:10814000FC89FF1F30B50129044638BF01210F29E2
:10815000D4F8A030084628BF0F2084F894011BB340
:10816000C0F1100E5FFA8EF5AE4600222D01236895
:1081700003F1800C5CF8023003F4001343F08063D9
:108180004CF8023010329542F1D110254FF00061C9
:1081900023680EF10102803315FB0E335FFA82FE75
:1081A000BEF1100F1960F3D130BD00BF90F89431CB
:1081B000C3F11003DBB29A4222D210B58C46864638
:1081C00000EBC203D1E90001043383E803009CF80B
:1081D0000430DEF80010DB0713D5DCF800001023B4
:1081E000843113FB021120F060400860DEF80010BB
:1081F000803113FB02131A6842F400121A6010BD9A
:108200007047DCF8004009481023843113FB021149
:1082100000EA84400860DEF80010803113FB02138E
:108220001A6822F400121A6010BD00BF0000FC1F83
:1082300090F89431C3F11003DBB29A4221D2036863
:1082400010B41C68E4011DD41C6844F080441C6018
:108250000468236843F08053236004682368DB01CB
:10826000FCD504F5086404EB8204216002681368FD
:1082700023F08053136002681368DB01FCD410BC48
:108280007047704703F5086303EB820310BC196065
:10829000704700BF2DE9F0411746D0F8A0209DF8A7
:1082A000188006460D461C46002A00F08F80634A5F
:1082B000316891427CD0624A137843F08003137096
:1082C0003368A2F58222934206D102F51032D36BB5
:1082D00043F01003D36333685A6822F400525A60A3
:1082E0003268136843F0804313603268136823F0E8
:1082F0000043136032681368D902FCD4136883F01A
:108300000073136033681C6814F00074FBD11A68A2
:10831000D201FCD51A6842F400321A602946304670
:10832000FFF7ACFE3268136843F48033136096F8AD
:108330009411102912D000252A4630460021FFF75B
:1083400077FF2A463946FFF731FF96F8941101343A
:10835000C1F11003E5B2DBB29D42EDD33268136880
:1083600023F08053136033681A68D001FCD41A6874
:108370001201FCD43046FFF7E5FED6F8F83003F1E1
:10838000604303F5644340221A70D6F8F82053097D
:1083900003F1382340339B00012102F01F0201FA50
:1083A00002F21A6033684FF6FF709862BDE8F08100
:1083B000012C2BD0234B4FF40072B8F1010F1A633C
:1083C0002BD0204B4FF400725A6374E7B0F8980139
:1083D000000101F02BFED6F8B030C6F8A0000BB3B8
:1083E000C6F8AC300023A6F89430A6F89630A6F86C
:1083F000A430A6F8A630B6F89831A6F89830B6F8AA
:108400009631C6F89C00A6F8A83050E70E4B4FF402
:108410000072B8F1010F9A64D3D10B4B4FF4007284
:10842000DA6448E7B6F89601000101F0FFFD034663
:10843000C6F8B000D6F8A000D2E700BF0040024066
:10844000005006400090044000A0044010B4D0F852
:10845000F840630903F1382340339B00024604F0DF
:108460001F0418680121A14010EA010414BF012073
:10847000002082F8F400C3F88010B2F8A400B2F82B
:10848000A63080B29BB2C01A44BFB2F8A830C01860
:1084900064B1D2F8F820530903F1382340330121A5
:1084A0009B0002F01F0201FA02F21A6010BC704732
:1084B000D0F8F82038B5530903F1382340339B0036
:1084C00004460125084602F01F02196805FA02F267
:1084D000114214BF2946002184F8F410C3F880200B
:1084E000B4F8A420B4F8A63092B29BB29A4228D035
:1084F000B4F8A630D4F8AC109BB201EB03111022F3
:1085000001F044FCB4F8A630B4F8A8209BB22B4488
:10851000B3FBF2F102FB11339BB294F8F410A4F810
:10852000A630284661B1D4F8F820530903F1382366
:10853000403301219B0002F01F0201FA02F21A608F
:1085400038BD0020EEE700BF30B58B7904684FF0EE
:10855000100E04F1840CDC071EFB02CC25D50C6840
:1085600024F06044CCF80040046804F1880C8C6866
:108570001EFB02CC24BACCF80040046804F18C0C39
:108580001EFB02CC12FB0EFECA6812BACCF8002009
:108590009A073CD5CB7902681B04803203F4702320
:1085A00043F0476342F80E3030BD0D681D4C04EABD
:1085B0008544CCF80040046804F1880C8C681EFBEC
:1085C00002CC24BACCF80040046804F18C0C1EFBE9
:1085D00002CC12FB0EFECA689B0712BACCF8002030
:1085E0000AD5CB7902681B04803203F4702343F070
:1085F000416342F80E3030BDCB7902681B048032F3
:1086000003F4702343F0406342F80E3030BDCB7961
:1086100002681B04803203F4702343F0466342F87F
:108620000E3030BD0000FC1F70B50446D0F8F800D5
:10863000430903F1382340339B0000F01F001D68FD
:1086400001228240154214BF0125002584F8F45010
:10865000C3F88020B4F89430B4F896209BB292B25C
:108660009A422DD0B4F89430B4F89800B4F896201B
:108670009BB20133B3FBF0F600FB163392B29EB20D
:10868000964242D0B4F89430D4F89C009BB200EBF0
:108690000310102201F07AFB94F8F450A4F89460CF
:1086A000012065B1D4F8F820530903F13823403391
:1086B00001219B0002F01F0201FA02F21A6070BD54
:1086C00094F89421C2F11002D2B20F2ACAD802F152
:1086D00080432C3304EB830304F1F00C03E0634587
:1086E00002F10102BED053F8040F0028F7D126682A
:1086F000100180363058C0F303600828EFD12046BF
:10870000D2B2FFF721FF0120CBE70020C9E700BF6D
:108710000B4601684FF0100C80311CFB021170B544
:1087200009689980C1F30346DE710468843412FB42
:108730000CFE1CFB024CC1F30055C1F34052DCF8A7
:10874000004042EA4502C1F3036C9A71ACF1060C99
:10875000D2B2D207BCFA8CFC9A7924F060444FEA7A
:108760005C1C1C606CF382025CBFA40C1C609A71E0
:1087700002688832042E52F80E2012BAC1F307455F
:108780009A6005D902688C3252F80E2012BADA606B
:1087900015F0080108D106F10800C6F108021844D6
:1087A000BDE8704005F0C2BC70BD00BF2DE9F04FC0
:1087B000834689B05BF8B42BD2F83090CDF80C909A
:1087C00005468246002408E0022B4CD00134102CD0
:1087D0000AF1080A0BF1040B40D029FA04F3D90777
:1087E000F4D5270102F18003DB59C3F30363062BA1
:1087F00039D0082BE8D1DBF80060002E00F0B980FA
:108800003188738889B29BB2994200F0BE8031886A
:10881000738889B29BB29942D8D07388B1689BB2F1
:10882000102201EB03110DEB020001F0AFFA738887
:10883000B2889BB20133B3FBF2F102FB11339BB25E
:10884000E2B2738004A928460134FFF77DFE102CA4
:108850002A680AF1080A0BF1040BBED1039B1363CB
:1088600009B0BDE8F08FE2B204A92846FFF750FF37
:1088700095F8FC306BB1DAF814310133CAF81431D1
:108880009DF816305B0704D5DAF818310133CAF8C1
:1088900018310123A3400093002305F1800605F160
:1088A00090080193CDF808B056F8040F48B142681B
:1088B000009B134033D00368D3F800B0454B9B4571
:1088C0005AD1B045F0D1019BDDF808B093B395F8CB
:1088D000FC3083B1B5F8A430B5F8A6209BB292B2B3
:1088E0009B1A44BFB5F8A8209B18D5F804219A42DA
:1088F00038BFC5F8043105EBC403DAF804201B7A4D
:1089000013F0010F2B6808BF334903F1840314BF30
:1089100022F0604201EA8242DA512A6856E7002AD0
:10892000CFDA0268D2F800B02A4A9345C9D04FF096
:10893000FF3223E0B5F8A430B5F8A810B5F8A620AA
:108940009BB20133B3FBF1F001FB103392B29EB244
:10895000964231D0B5F8A430D5F8AC009BB21022C5
:1089600000EB03100DEB020101F010FAA5F8A46072
:10897000ADE705F1940643E70023224604A9D84752
:10898000019B1843C3B201939BE70127A74047F01F
:10899000004705F1800605F1900856F8040F38B13C
:1089A00043681F4204D003680C4A5B6893420DD1B0
:1089B000B045F2D12A6809E795F8FC30002B9AD02F
:1089C000D5F808310133C5F8083183E70022214684
:1089D0009847EDE7FD7F00000000FC1F01800000CC
:1089E0000148FFF7E3BE00BFCCD1FF1F704700BFB7
:1089F000014B1B681B6A7047CCD1FF1F704700BF3B
:108A0000704700BF704700BF01480021FFF7FABA66
:108A1000CCD1FF1F30B583B00F49009104460F4BF6
:108A20000F4A002100F060FA04F140050D49009161
:108A30000D4B0E4A0121284600F056FA022320462B
:108A400084F88030C4F88440C4F88850C4F88C405E
:108A5000C4F8905003B030BD00B00340E0530100B3
:108A6000E853010000B00B40E4530100145401002E
:108A7000531C70B5044611D052B1012A29D0D0F848
:108A80008420D38A9BB243F00103D382002070BDBF
:108A9000BDE87040D0F8840000F0F8BAD0F8840047
:108AA0000D4600F0C9FA29460646D4F8880000F0C1
:108AB000C3FAA6B118B3D4F88430D4F88800597D2D
:108AC000427D9142294606D8BDE87040184600F024
:108AD000DDBAD0F88800BDE8704000F0D7BAA8B978
:108AE000D4F88410D4F88820CB8A9BB243F00403D6
:108AF000CB82D38A9BB243F00403D382C6E7D4F877
:108B000084002946BDE8704000F0C0BAD4F888005F
:108B10002946BDE8704000F0B9BA00BFC06970478F
:108B200090F823308B420AD070B4092900F2938068
:108B3000DFE801F02F2F61060671818E40547047E7
:108B4000436B4FEA431C0CF1844C0CF580730CF51D
:108B5000C07C00240122CCF808202646DC610025D8
:108B6000CCF80C501E605D605C619A6180F8231047
:108B700072B6436B5B0103F184430122002142760C
:108B8000C3F89C14C3F89824C3F89C2462B670BC44
:108B90007047436B4FEA431C0CF1844C0CF5807317
:108BA0000CF5C07C0022CCF808200122DA611446C2
:108BB0001646D4E7436B00245A0102F1844202F5C1
:108BC0008073C2F8884102F5C072DC610124D46070
:108BD00000225C601C609A615A61C7E7436B5A01CE
:108BE00002F1844202F5807302F5C07201249460A0
:108BF0000024DC61EAE7436B4FEA431C0CF1844C30
:108C00000CF580730CF5C07C00260122CCF80860BE
:108C10001446DE61A3E7436B4FEA431C0CF1844C1E
:108C20000CF580730CF5C07C00220124CCF80840C0
:108C30001646DA6193E7436B5A0102F1844202F56A
:108C4000807302F5C072002494600124DC61BDE7EA
:108C5000436B0124B0E7C38A9BB243F00103C38294
:108C600095E700BF436B5B0103F1844310B5D3F874
:108C70009C2403F59063044652B103F0FBFB636B45
:108C80005B0103F1844303F59063DA69002AF4D1B0
:108C90009B6923B1E38A9BB243F00203E38272B67D
:108CA000637E03B3626B936BD16B0B44116C506C9E
:108CB0000B44916C03440B44D16C0B44C3F34E033F
:108CC00043F40043D362936DD16D0B44116E506E2B
:108CD0000B44916E03440B44D16E0B44C3F34E031B
:108CE00043F40043136362B6A37E0022627603B9A5
:108CF00010BD02212046FFF713FF637E03BB636BA9
:108D0000590101F1844201200021C2F81001C2F88A
:108D10008011C2F88401627E022184F8241092B985
:108D20005B0103F18443002201200421C3F888047D
:108D3000C3F88424C3F8802484F82010A27610BDE0
:108D4000FFF790FFDBE72046FFF78CFF636BE7E759
:108D500038B5C37E8B4212D0437E04460D460BBB12
:108D6000092D0DD8636B5B0103F184430020C3F828
:108D70000C01FF210822C3F80801E161E27638BD49
:108D80000B2D12D90D2D1ED8636B5B0103F18443AB
:108D900000220120C3F8080140F6FF71C3F80C213E
:108DA0000C22EAE7FFF75EFFDAE7636B5B0103F192
:108DB000844301220020C3F8080140F2FF31C3F8C8
:108DC0000C210A22D9E7636B5B0103F18443012084
:108DD000C3F80C014FF6FF711022C3F80801CCE76D
:108DE00038B5037E3D4A0446002B6AD1D36B43F06D
:108DF0000063D363626B3A483A4940F2014552013D
:108E0000658402F184420425002384F8245001255E
:108E1000E376E36184F8203084F82C306376E382D3
:108E20006375C2F89051437081F84030626B84F8EA
:108E30002130520102F18442C2F8003472B6626BF2
:108E40006576520102F18442C2F89C34C2F898540B
:108E5000C2F89C5462B60A212046FFF779FF637E70
:108E6000A5769BBB636B5B0103F184430121202248
:108E7000C3F888142046C3F88414C3F8801484F817
:108E80002020FFF74DFE637E23BB636B590101F188
:108E9000844301220020C3F81021C3F88021C3F8C5
:108EA000840184F8242072B6636B62765B0103F15F
:108EB0008443C3F89C04C3F89824C3F89C2462B686
:108EC00038BD136B43F00063136393E72046FFF74D
:108ED000C9FEC7E7FFF7C6FED7E700BF0080044022
:108EE000004007400000FA4210B500298262094A9A
:108EF00003630CBF39233A23017680F83C300649DE
:108F0000029B436318BF114604468163FFF768FF65
:108F1000204610BD386003401060034038B5437EE2
:108F200005460C46A3B9042C0FD8DFE804F01E2D2B
:108F30003C0314006B6B5A0102F184430121C3F816
:108F40001011C3F88411C3F8801185F8244038BD8E
:108F5000FFF788FEE7E76B6B5B0103F184430022B8
:108F6000C3F8102185F8244038BD6B6B5A0102F11B
:108F700084430121C3F810110021C3F88411C3F800
:108F8000801185F8244038BD6B6B5A0102F184438F
:108F900001210022C3F81011C3F88011C3F8842105
:108FA00085F8244038BD6B6B5A0102F184430121DE
:108FB0000022C3F81011C3F88021C3F8841185F88A
:108FC000244038BD38B5437E04460D462BBB012DE9
:108FD000636B18D95B0103F1844303F590630121AE
:108FE000042D996006D8002159600422196084F884
:108FF000202038BD082D13D9102D18D800221A6052
:1090000010225960F3E75B01002103F184430A4613
:10901000C3F8881484F8202038BDFFF723FED6E774
:10902000002008221960586084F8202038BD59605B
:1090300020221960DBE700BF2B2907D8836A585C20
:1090400000F01F001F3818BF012070470020704734
:10905000836A5A565B5C002A426B4FEA421202F165
:109060008442B4BF00210121C2F8901172B6416B55
:109070004A0102F1844203F01F039269003A18BFCB
:10908000012203EB82130B6062B6704750B52B29A7
:1090900083B0044617D8836A5B5C03F01F031F2B61
:1090A00011D0437EBBB9636B627D5B0103F18443E6
:1090B0000132012662752046C3F88C64FFF7C8FFB1
:1090C000304603B050BDE38A9BB2002043F0040356
:1090D000E38203B050BD0191FFF7C4FD0199E2E7BF
:1090E00090F81CC04160BCF1020FC26001D18368DE
:1090F000184700F041B900BF70B4016B4A4A0979C2
:10910000D177C16A09791177016B09791177826A80
:1091100003462AB34168C9688A4243D9C46A006BCE
:10912000521A21689A620D6803F12404A5424FF097
:10913000010259D01C68E56815F0804F0D6829D1EF
:109140002D780E6845F0004501360E60656336499E
:109150000079C87612B1DB6A1B79CB7670BC704798
:109160000168324C406B0A63CC62CC6824F08044C6
:10917000CC6004682E4924684FF0030C8C4283F8BD
:1091800025C039D1037F4260022BC26038D170BC48
:10919000836818472D880E6845F0004502360E603A
:1091A0006563D4E7C16A0968CC8B260402F1FF30FD
:1091B00031D4C0F30E00C883CC8B186BA4B2CC8220
:1091C0000468E58B2D041ED4C2F30E05E583E58B00
:1091D000ADB2E5820D680024013A9C6203F12404DB
:1091E00018BF0122A542A5D11968CC6893F8244084
:1091F00044F000444C63AAE72346114670BC18476C
:1092000070BC00F0B9B8E58BC2F3080605F47E45E2
:109210003543E583DBE7CC8BC0F3080004F47E44E0
:109220002043C883C8E700BF0080004000000FFF54
:10923000E190000008B50248FFF75EFF08BD00BFDF
:1092400070D3FF1F0A4A0B49002310B40A4C9360E5
:1092500093841460516010BCD36093619362D362B5
:109260001363536313615361D3611362704700BF8B
:1092700070D3FF1F4054010000C0024038B50446BF
:10928000084620700A4910461D4603F0CDFE0146EF
:109290004FF07E5003F07CFF064903F0C5FEE56009
:1092A00060602561656101F0DBF9E061204638BD51
:1092B000DB0FC94000247449037810B50446032B22
:1092C00021D8DFE803F0191E1102C168406903F0DC
:1092D000A1FD0E49034660681C4603F059FF014694
:1092E000204603F055FF10BD0849406803F050FFC9
:1092F000E16803F099FE10BDC168406903F08AFD82
:1093000010BDC06810BD002010BD00BF002474490E
:10931000F8B504460E4601F0A3F9E3690546C01A04
:1093200003F02EFEE768A0610146E56160686661B2
:10933000276103F02DFF0146A0600E4803F028FFCF
:1093400003F072F9054601464FF07E5003F062FDCE
:10935000314603F069FE29460646384603F064FEAE
:109360000146304603F058FDE0602046BDE8F84075
:10937000FFF7A2BF000080BFEFF3108272B6437FF9
:109380005BB9017F012930B40BD0032913D001232D
:10939000437702B962B630BC70470AB962B670470B
:1093A0007047124C2168B1B1114943610B68836168
:1093B00008605861EBE70F4D0F492C688CB1436191
:1093C0000B68836158614FF0E0234FF080540860D0
:1093D000C3F8044DDBE7064B4161816120601860F2
:1093E000D5E7446184612860EDE700BFA8D3FF1F83
:1093F000B8D3FF1FB0D3FF1FACD3FF1F70B5EFF37F
:10940000108272B60C4C206880B10C4E0025436966
:10941000236073B19D6102B962B68368457798474E
:10942000EFF3108272B620680028F0D102B962B65C
:1094300070BD3360EFE700BFB0D3FF1FACD3FF1F99
:10944000FFF7DCBF024A136801331360704700BFA7
:10945000C0D3FF1F4B0803F1376303F5D83310B5B2
:109460000446B3FBF1F001F067F9044B1B7803B13C
:1094700010BD2046BDE8104003F074B8F989FF1F05
:1094800008B5084601F046FB012008BD08B50846AE
:1094900001F040FB012008BD38B508460D4604F038
:1094A0006FFF04460146284601F0B0FB204638BD58
:1094B00010B508461446114601F0A8FB204610BD21
:1094C0000846114601F0D0BD0846114601F0B0BD76
:1094D00001F0C8BC08B5084601F0FCFA003818BF16
:1094E000012008BD08B5084601F0D2FA003818BFBF
:1094F000012008BD0846114601F05EBA084601F099
:1095000099BA00BF084601F03BBA00BF01F0D0B9DC
:1095100010B54B0803F13763144603F5D833B3FB9A
:10952000F1F001F009F92046BDE8104001F072B9F0
:1095300001F072BC01F02ABC01F014BC01F0EEBBDA
:1095400001F0F8BB0368064A1B68934205D110B5C9
:10955000C8B201F0DFFA012010BDC9B2184700BF40
:109560008D9400000368064A1B68934205D110B52C
:10957000C8B201F0CFFA012010BDC9B2184700BF30
:109580008D9400000368064A1B68934205D110B50C
:10959000C8B201F0BFFA012010BDC9B2184700BF20
:1095A0008D9400000368064A1B68934205D110B5EC
:1095B000C8B201F0AFFA012010BDC9B2184700BF10
:1095C0008D9400004B0803F1B76303F5584310B5C1
:1095D0000446B3FBF1F001F0CDFD044B1B7803B161
:1095E00010BD2046BDE8104002F0BCBFFA89FF1F45
:1095F00008B5084601F01AFF012008BD08B5084665
:1096000001F014FF012008BD38B508460D4604F0EE
:10961000B7FE04460146284601F012FF204638BD39
:1096200010B508461446114601F00AFF204610BD49
:109630000846114602F07EB80846114602F05EB8B0
:1096400001F0B6BF08B5084601F0D0FE003818BFDB
:10965000012008BD08B5084601F0A6FE003818BF75
:10966000012008BD0846114601F070BE084601F011
:1096700099BE00BF084601F04DBE00BF01F014BE08
:1096800010B54B0803F1B763144603F55843B3FB19
:10969000F1F001F06FFD2046BDE8104001F0B6BDCD
:1096A00001F060BF01F018BF01F002BF01F0DCBEA5
:1096B00001F0E6BE0368064A1B68934205D110B567
:1096C000C8B201F0B3FE012010BDC9B2184700BFF7
:1096D000FD9500000368064A1B68934205D110B54A
:1096E000C8B201F0A3FE012010BDC9B2184700BFE7
:1096F000FD9500000368064A1B68934205D110B52A
:10970000C8B201F093FE012010BDC9B2184700BFD6
:10971000FD9500000368064A1B68934205D110B509
:10972000C8B201F083FE012010BDC9B2184700BFC6
:10973000FD95000070B5012A8AB008BF0A22A1B3C6
:109740004FF0210E02E05FFA86FE2946B1FBF2F5EA
:1097500002FB15145FFA84FC092C0CF1300498BF4D
:109760005FFA84FC0EF1280488BF0CF1370C6C44BE
:1097700088BF5FFA8CFC91420EF1FF3604F824CCCE
:10978000E1D24BB10EF1FF3E5FFA8EFE0EF12803DF
:109790006B442D2203F8242C036801A95B68CEF1E9
:1097A0002202714498470AB070BD30228DF82520FE
:1097B0004FF0210EE5E700BF0029BABF49422D2333
:1097C00000230A22FFF7B6BF00B5036883B040F656
:1097D0000D22ADF804205B68022201A9984703B06E
:1097E0005DF804FB034B022888BF034618461B683C
:1097F0005B681847FC89FF1F32B9036800B51B6816
:109800005DF804EBC9B21847FFF794BFFFFFFFFFF5
:109810002DE9F04F194687B00646104614469A4681
:1098200003F0BEFA9DF84070002840F0A9802AF0AD
:1098300000455F4B204629464FF0FF3203F0B0FA57
:1098400048B95B4B204629464FF0FF3203F08AFAB5
:10985000002800F08E80574B204651464FF0604262
:1098600003F094FA00287BD1534B204651464FF029
:10987000604203F06DFA002872D120465146002262
:10988000002303F065FA0546002875D1002F7AD031
:109890000FF21419D9E9008948494FF0000B002054
:1098A0004B460BF1010B42460AF016F85FFA8BF3B8
:1098B000BB42F5D302460B462046514603F032F830
:1098C0008946804603F082FA0F2F28BF0F27824671
:1098D000019703F063F902460B464046494603F000
:1098E0001FF82B46804689460A2251463046FFF72C
:1098F00021FF2E234D468DF808300DF109027B1E05
:10990000DFF8BC904446834652FA83FA02AF4FF028
:10991000000842464B462046294609F0DDFF0D4629
:10992000044603F053FAC0B200F1300307F8013FD8
:1099300003F044F902460B462046294602F0F0FFA8
:10994000BA4504460D46E4D1019A336801325B689A
:10995000D2B202A930469847584607B0BDE8F08F0A
:10996000336818495B680322304607B0BDE8F04F02
:10997000184733681449F5E70AF1004A012585E7DD
:1099800033681249EEE70D4B00222046514602F0A3
:10999000C9FF03F01BFA2B4601460A22304607B0E6
:1099A000BDE8F04FFFF7C6BE000000A09999B93F8F
:1099B000FFFFEF7FFFFFEF41FFFFEFC10000E03F40
:1099C0000000244094550100905501008C55010081
:1099D00070B50E4D82B02B680093009E044608E0DF
:1099E00002F048FD2B680193019BA2689B1B9342E8
:1099F00007D2236820469B6998470028F0DB02B015
:109A000070BD4FF0FF3002B070BD00BFC0D3FF1F6C
:109A1000F8B504460D4606E02D2B0FD0092A0DD9C6
:109A200023685B6998472046FFF7D2FF031EA3F126
:109A300030022046F0DA00273846F8BD00273E46BF
:109A4000AB420BD02D2B1CD0A3F13002092A05D834
:109A500007EB870703EB4703A3F130072368204692
:109A60005B6998472046FFF7B3FFA0F13002092A4F
:109A70000346E5D9A842F1D0002EDDD07F4238461A
:109A8000F8BD0126EAE700BF0121FFF7C1BF00BF13
:109A90002A4B2B4A6020E12118705970137829480D
:109AA000082B34D00A2B20D00C2B274B0CBF352190
:109AB0003D2112228160C2609960DA60234B214906
:109AC0001B78214ACBB101230B621362204B1D4945
:109AD0001B781D4A012B13D9042B1BD884234B62FE
:109AE00053621C4B01221A707047174B3921132205
:109AF0008160C2609960DA60E0E70B621362E5E7BB
:109B000080234B625362134B01221A7070470E4B35
:109B10000121ECE7082B06D885234B6253620D4BDD
:109B200001221A707047102B94BF862387234B6243
:109B30005362084B01221A70704700BF0040074073
:109B4000E488FF1F00B0034000B00B40BCD3FF1FF0
:109B5000E588FF1FBDD3FF1F0B4A0C49D36A43F4AE
:109B60008053D3620B784BB1094B802283F82120BC
:109B7000074B80F30C0000B218807047044BC022E2
:109B800083F82120F4E700BF00800440BCD3FF1F0E
:109B900000C00C4010B5174B0FCB84B0EC468CE8DE
:109BA0000F00154B5A78910717D51A78124C12F0FE
:109BB000700218BF1A7080210023E17133222371D3
:109BC0000323E272A37272B64CF001032046984759
:109BD00062B6237813F0700309D1084B064901E0FF
:109BE000013B02D04A78D207FAD504B010BD2370E9
:109BF00004B010BD9855010000000240410D030063
:109C0000B0F5006F11D210B5094B5B78DB07044645
:109C100004D504F1A0542078C0B210BD04F1A054C2
:109C2000FFF7B8FF2078C0B210BD0020704700BF1A
:109C300000000240B0F5006F1FD238B50F4B5B78C3
:109C4000DA0704460D4610D504F1A0542378AB4240
:109C50000AD00A4A137813F0700318BF1370074A2A
:109C600025705378DB07FCD538BD04F1A054FFF70D
:109C700091FF2378AB42ECD1F6E770470000024039
:109C8000B1F5006F76D2F8B53B4B5B78DB070E463B
:109C9000044617460D461FD5B7F5006F384628BF56
:109CA0004FF400603318B3F5006F12D287B1324A17
:109CB00015F0030326D0022B11D005F1A05314F8A0
:109CC000011B1E788E4237D1013801350028EFD1B3
:109CD000F8BDC6F50060EAE7FFF75CFFDCE70128A6
:109CE000EBD0214605F1A056677811F8023B348885
:109CF00043EA07239C4229D1023802350C4600284A
:109D0000D6D1E5E70328EAD9214694F801C011F835
:109D1000043BA778E67843EA0C2305F1A05443EA14
:109D2000074343EA066326689E4219D10438043586
:109D30000C460028BCD1CBE7167816F0700618BF89
:109D4000167019705378DB07FCD5BDE7147814F052
:109D5000700418BF147033805378DC07FCD5CBE750
:109D6000167816F0700618BF167023605378DE0759
:109D7000FCD5DBE7704700BF0000024008B5FDF7E7
:109D8000A5FEFCF7D5FF02F075FBFAE701B441EA46
:109D9000000313F003036FD1403A41D351F8043B61
:109DA00040F8043B51F8043B40F8043B51F8043BB5
:109DB00040F8043B51F8043B40F8043B51F8043BA5
:109DC00040F8043B51F8043B40F8043B51F8043B95
:109DD00040F8043B51F8043B40F8043B51F8043B85
:109DE00040F8043B51F8043B40F8043B51F8043B75
:109DF00040F8043B51F8043B40F8043B51F8043B65
:109E000040F8043B51F8043B40F8043B51F8043B54
:109E100040F8043B51F8043B40F8043B403ABDD2C3
:109E2000303211D351F8043B40F8043B51F8043B65
:109E300040F8043B51F8043B40F8043B51F8043B24
:109E400040F8043B103AEDD20C3205D351F8043BF4
:109E500040F8043B043AF9D204320AD0D2071CBFBE
:109E600011F8013B00F8013B03D30B7803704B78EA
:109E7000437001BC704700BF0C2A4AD310F00303A3
:109E800011D0C3F10403D21ADB071CBF11F8013B48
:109E900000F8013B07D311F8013B00F8013B11F832
:109EA000013B00F8013B11F003033FF475AF30B400
:109EB000043AC91AC3F1040C51F8044B022B19D00F
:109EC000032B0BD0240A51F8043B1D0644EA050479
:109ED00040F8044B1C46043AF4D216E0240E51F824
:109EE000043B1D0244EA050440F8044B1C46043AB6
:109EF000F4D20AE0240C51F8043B1D0444EA0504A2
:109F000040F8044B1C46043AF4D20432B1EB0C0185
:109F100030BC043AA0D3013A11F8013B00F8013BF0
:109F2000F9D20B7803704B7843708B78837001BC47
:109F3000704700BF08B50F4C636B58030DD4636BBB
:109F400059050FD4636B1A0511D4636BDB04F3D589
:109F500001F040FB636B5803F1D501F0BDFC636B6E
:109F60005905EFD500F008F8636B1A05EDD500F040
:109F70009DFFEAE70080044008B5FFF7DBFF00BF64
:109F8000014B10221A80704700200540704700BF27
:109F9000094A08B50346106833B169460344A1F580
:109FA00080518B4201D2136008BD04F0AFF90C233D
:109FB00003604FF0FF3008BDE888FF1F00207047A6
:109FC0004FF0FF30704700BF4FF400534B6000204C
:109FD000704700BF012070474FF0FF30704700BF4F
:109FE000FEE7FFFFEFF31383CBB9EFF31080A0B9C7
:109FF000EFF3058343B94FF48070EFF311835BB146
:10A00000984228BF184670470F2BF6D9054AD05CF6
:10A01000EFF31183002BF3D17047184670474FF0D0
:10A02000FF307047F0E300E003F00ABA03F008BA2B
:10A0300001F1FF3C70B56546002401E07046013433
:10A04000B0FBF2FE02FB1E03092B03F130068ABFB0
:10A050003733F3B2DBB2904205F8013FEED2631C16
:10A060000022CA54C8187CB162461CF8015F10F87F
:10A0700001ED8CF800E0A1EB0C030232013B521A17
:10A0800023449A420570EFDB084670BD704700BF5D
:10A0900010B40F4B53F8302092F880422CB10123BA
:10A0A00091B182F8803010BC704703EBC0035B684D
:10A0B0001A6821B922F0020210BC1A60704742F0FF
:10A0C000030210BC1A60704782F8003110BC704760
:10A0D000BC550100024B103043F82010704700BF00
:10A0E0000082FF1F212835D8042A33D830B42A4BE8
:10A0F0002A4D53F8223005EBC0021B045468226835
:10A1000012F4E06239D0264A2648C2F89C0126485B
:10A11000C2F8A0012548C2F8A4012548C2F8A80148
:10A120002448C2F8AC0104F14042A2F592207C28F8
:10A1300011D8214872B6226822F47022226013439B
:10A14000C4F3840243F0807340F82210236062B6A7
:10A1500030BC70477047A2F594207C2815D9A2F531
:10A1600096207C2813D9A2F598207C2811D9A2F535
:10A170009A227C2AECD81148DCE755F8300080F8A8
:10A1800080224FF480722260BDE70D48D2E70D486F
:10A19000D0E70D48CEE700BFA8550100BC5501002F
:10A1A0000082FF1FF187FF1FBD87FF1F8987FF1FE9
:10A1B0005587FF1F2187FF1FF088FF1FC889FF1FDA
:10A1C0002889FF1F7889FF1FA889FF1F034B0022E2
:10A1D00010215A615A6018605961704700D00340DD
:10A1E000704700BFF0B54FF0E0244FF400054FF08A
:10A1F000807CC4F80851C4F808C14FF0007CC4F852
:10A2000008C11D4A1D481E494FF0806CC4F808C1A2
:10A21000282300274BF6FF7609254FF0006CC4F881
:10A2200008C183B057609660D3605361D3615362B5
:10A23000D3625363D3635364156047608660C36021
:10A24000436105604F608E60CB604B610D60FFF72E
:10A250001FFCFFF7C5FF0B4C23680093009B132BDB
:10A26000FAD901F0F3FE23680193019BB3F5967FC1
:10A27000F9D303B0F0BD00BF00800340009003405D
:10A2800000800B40C0D3FF1F28287F4B36D0002909
:10A290001B783FDD012202FA03FC614510B554D260
:10A2A000C21E012A70D9202867D0192865D0774AA4
:10A2B000926802FB011222FA03F3421F1B2A7DD887
:10A2C000DFE812F0C600BF007C007C00B800B100DF
:10A2D0007C007C007C007C007C007C007C007C009E
:10A2E0007C00AA00A3009C0095007C00CD007C00AF
:10A2F0007C007C007C007C007C00D40018780B285B
:10A3000095BFC0F10C000C3801FA00F041FA00F0E2
:10A31000FFF722BC212817D85D4B53F8302092F864
:10A32000801203EBC00300293CD001215B6882F856
:10A33000001101204FF4A27182F8800219601A689E
:10A3400022F020021A6070477047212814D8504B21
:10A3500053F8301091F8804203EBC00344B35B68BC
:10A3600081F880204FF4A272012081F880021A60E7
:10A370001A6822F020021A6010BD464A926802FB59
:10A38000011222FA03F398E7434CA268042802FB67
:10A39000011222FA03F270D1404BA2614FF45171C5
:10A3A000596310BD5B68196821F002011960C0E7AC
:10A3B0005B681A6842F003021A60D3E72128DBD8F1
:10A3C0007F29D4BF00210121FFF762FE304B03EB50
:10A3D000C00253F83010536801244FF4A27281F880
:10A3E00080421A601A6822F020021A6010BD2748C5
:10A3F0002B4A836140F24441916010BD2348284AB2
:10A40000036140F24441516010BD2048254A036475
:10A4100040F24441916110BD1C48224A836340F2DE
:10A420004441516110BD19481D4A836240F24441C4
:10A43000116110BD15481A4A036240F24441D160CF
:10A4400010BD1248174A036340F24441116110BD28
:10A450000E48144A836440F24441D16110BD0D4856
:10A46000114A83614FF45171D16410BD09480E4AFD
:10A4700003614FF45171916410BD084B22614FF498
:10A480005171196310BD00BFEC88FF1F00800340AD
:10A49000BC55010000800B40009003400090044038
:10A4A00000B0044000C0044000A004402DE9F04783
:10A4B0000E4680462C49304602F054FF2B4B0028B4
:10A4C00047F6122712BF4FF0020A4FF0010A1F464B
:10A4D00000244FF05E5927FA04F002F04DFD494682
:10A4E000054602F0A1FD0146304602F04FFF30B9AB
:10A4F0000134072CEFD1F80902F03EFD0546314644
:10A50000284602F045FE4FF07C5102F083FC02F039
:10A5100077FF4FF6FF73984228BF1846A8F1030350
:10A52000012B11D9A8F105085FFA88F8B8F11B0FC3
:10A5300008D80F4A012303FA08F31A4010D113F088
:10A54000016F0BD1BDE8F0870A4B002244EACA0430
:10A550001A605A6098601C60BDE8F087064BF5E70A
:10A56000064B0022F2E700BF001BB740006CDC0284
:10A57000338007000090034000800B4000800340C0
:10A58000212816D810B4104B53F8302092F880428E
:10A590002CB1012371B982F8003110BC704703EB74
:10A5A000C0035B681A6849B142F0030210BC1A602C
:10A5B0007047704782F8803010BC704722F002026A
:10A5C00010BC1A60704700BFBC550100212806D896
:10A5D000044B53F8303093F80002C0B270470020AB
:10A5E000704700BFBC550100212820D81B4A02EB50
:10A5F000C00301295B680FD004291DD052F8300038
:10A60000002280F8802299B1022922D003290DD19D
:10A610004FF481721A60704752F830004FF4A27202
:10A6200080F880121A601A6822F020021A607047BF
:10A630004FF480721A60704752F830104FF4A272D3
:10A64000012081F880021A601A6842F020021A6024
:10A65000704740F203121A60704700BFBC550100FA
:10A6600072B60D494FF0E02293690868D2F8042DC4
:10A6700062B6520102D5322B88BF0130074AC3F5BA
:10A68000BB334FF47A71FF33A2FB032301FB00F0CD
:10A6900000EB9310704700BFC0D3FF1FABAAAAAA5C
:10A6A0002DE9F843044672B6204F4FF0E02293693B
:10A6B0003D68D2F8042D62B6520102D5322B88BF14
:10A6C00001350CB9BDE8F883DFF86490DFF86480E9
:10A6D000A9EB0303A8FB03234FF47A7202FB05F5F1
:10A6E00005EB93154FF0E02672B6B1693A68D6F8DB
:10A6F00004CD62B6A9EB0103A8FB03031CF0806F35
:10A70000C5EB93134FF47A7002D0322988BF01321F
:10A7100000FB0233B3F57A7F04D3013CD2D005F5B8
:10A720007A75E1E701F0A6FEDEE700BFC0D3FF1FA8
:10A73000FF760100ABAAAAAA2A4A2B49536B70B430
:10A7400043F40063294D5363294E2A4C3278002389
:10A750002B700B70284923700B702849092A0B7045
:10A7600033D01A2A03D1264B40F213325A60254BBC
:10A770001B780A2B31D01F2B03D1214B4FF4517280
:10A780001A602028204B214C38BF2020C0F3443CC5
:10A7900083F800C0C0F3471C00F01F0083F801C01D
:10A7A0000422987202209A70D87488205A754FF04B
:10A7B000E021187440223C20D87084F82F204FF4F8
:10A7C000004370BCC1F804317047114B40F21332A2
:10A7D000DA600C4B1B780A2BCDD10D4B4FF4517224
:10A7E0001A61CEE70080044010D4FF1F08D4FF1F79
:10A7F000DC89FF1F44D4FF1F4CD4FF1F18D4FF1F58
:10A8000000D00440E489FF1F00B0064000E400E0EF
:10A8100000B00440214B21499B7800F0030203F073
:10A82000EC031343420700F00F0248BF43F010034C
:10A83000042A8B7003D18B7943F040038B71174B43
:10A84000164A5B79C10603F0EF0348BF43F01003DB
:10A8500053719379820603F0EF03104A48BF43F027
:10A86000100310F40070937110D093780C4943F0EA
:10A87000A003937009780B4B0B4A03EBC10340F222
:10A8800047305B680949186011607047064B074AFA
:10A890001968914208BF1860704700BF00B00640B9
:10A8A000E489FF1FBC55010014D4FF1FD400D64219
:10A8B000294B5B6B1B054DD510B5284C237823B174
:10A8C00001F0D8FD2378002BFAD1254A254B4FF013
:10A8D000E0204FF400440021C0F88441D1701B787F
:10A8E000092B2CD01A2B1BD01F4B1B7803F07F0396
:10A8F0000A2B1FD01F2B0ED01C4B194A1C4C1D4875
:10A90000196892F804C0D27900232370037009B14A
:10A9100001230B7010BD184B40F203121A60EBE7D5
:10A92000154B40F203125A600F4B1B7803F07F0364
:10A930000A2BDFD1114B40F203121A61DCE70F4BF7
:10A9400040F20312DA60084B1B7803F07F030A2BF6
:10A95000D0D1EFE7704700BF0080044018D4FF1F3C
:10A9600000B00640DC89FF1FE489FF1FC4D3FF1F2E
:10A9700008D4FF1F10D4FF1F00D0044000B00440D3
:10A980000A4A38B50546137803F0FF04002BFAD1C4
:10A9900001212846FFF728FE21462846FFF7F0FD53
:10A9A000034A044B52F835201A6038BD18D4FF1FF3
:10A9B000BC55010014D4FF1F09B140F08000194AB2
:10A9C0001378834217D010B4174C646B24050FD54D
:10A9D00003F07F030A2B21D01F2B14D0002900F095
:10A9E0007F0314BF602144210A2B10D01F2B03D0FA
:10A9F000107010BC704770470C4B41F440711960E7
:10AA0000107010BC7047094B00241C60E6E7084B2F
:10AA100041F440711961107010BC7047044B002460
:10AA20001C61DBE7E489FF1F0080044000D0044084
:10AA300000B00440124B1A7882420CD01149496B85
:10AA4000090507D5092A16D01A2A0AD009280DD0D7
:10AA50001A2801D0187070470B4A40F21331516028
:10AA6000F8E7094A002109285160F1D1074A40F26C
:10AA70001331D160EEE7054A0021D160E6E700BF5F
:10AA8000DC89FF1F0080044000D0044000B0044077
:10AA90000D4B5B6B13F4006313D0212803D90B4BD0
:10AAA0000020186070470A4B10B5084C53F830303E
:10AAB00023600121FFF798FD236800221A7001200E
:10AAC00010BD1846704700BF00800440C4D3FF1F6C
:10AAD000BC5501000C4B5B6B13F4006312D01728BC
:10AAE00009D10A4B0A4A40F202319960537B012096
:10AAF000034353737047064A537B03F0FE03002061
:10AB000053737047184670470080044000B00440FB
:10AB100000B006402DE9F84F334B5B6B1A053AD570
:10AB2000324B1B6806460BB101221A70DFF8C09049
:10AB3000DFF8C08099F80040D8F800302E4D01347D
:10AB4000A3422B7829D99C425FFA84FA14D12B4F67
:10AB5000DFF8ACB005E03B791B0623D42B78A34289
:10AB60000AD1FFF73FFA4028F5DDFF28F6DD01F0B6
:10AB700081FC2B78A342F4D0272C29D9214B283CE7
:10AB80001B68F6B21E55204A1C4B01211170BC22D5
:10AB900089F800A0DA70BDE8F88F03F0FF0AA3B9C6
:10ABA0005446D4E72B78D8F800105A1C9142DBB2F7
:10ABB00008D9272A10D8D1B21BF80230DBB2FB71BA
:10ABC0002970CBE700210A46F6E74FF0000A544609
:10ABD0000B4BF6B21E55D6E7D1B20A4A273B126894
:10ABE000D35CDBB2EBE700BF0080044014D4FF1F4E
:10ABF00044D4FF1FE089FF1F4CD4FF1F00B0064064
:10AC00001CD4FF1F48D4FF1F18D4FF1F2DE9F84F95
:10AC1000394B5B6B1A053CD5384B1B680BB10122D5
:10AC20001A704718B84231D2354EDFF8D880364C0A
:10AC3000DFF8D89000F1010A13E003F0FF0B53B3E3
:10AC40004FF0000B5D46324A1AF8013C535552460C
:10AC500030490123BA420B700AF1010A86F800B0AC
:10AC600014D23578D8F800300135AB422378E4D9D6
:10AC7000AB425FFA85FB0FD0272DE4D9264B1AF89B
:10AC8000012C1B68283D5A555246E1E71F4BBC2258
:10AC9000DA70BDE8F88F5D466FF0430389F8033042
:10ACA00006E099F804301B060BD42378AB42E3D1BD
:10ACB000FFF798F94028F4DDFF28F6DD01F0DAFB14
:10ACC000F3E72378D8F800105A1C9142DBB203D97D
:10ACD000272A0AD8D1B201E000210A460C4B9B5C1E
:10ACE000DBB289F807302170DFE7D1B20A4A273B8F
:10ACF0001268D35CDBB2F4E70080044014D4FF1F79
:10AD000044D4FF1FE089FF1F4CD4FF1F00B0064052
:10AD10001CD4FF1F18D4FF1F48D4FF1F10B5044CCC
:10AD2000237823B101F0A6FB2378002BFAD110BDC4
:10AD300018D4FF1F084A094B11781A789142C8B2FB
:10AD4000D3B202D2013B181A7047054A1268013A81
:10AD50001344181A704700BF44D4FF1F4CD4FF1F80
:10AD6000E089FF1F064A074B11781A789142D0B24A
:10AD70003CBF054A1268CBB238BF9B18181A7047FF
:10AD800008D4FF1F10D4FF1FD889FF1F1B4B1C497D
:10AD90001A780B789A422ED010B55FFA82FE194AC3
:10ADA000D8B21268431C9A4219D93F2B1BD85FFABC
:10ADB00083FC1548C05CC0B281F800C01349096823
:10ADC00061B19E453CBF7244D31A114A126828BF34
:10ADD000AEEB03039A4201D300230B7010BD4FF07A
:10ADE000000C6346E5E70B4C3F382468205C5FFAB3
:10ADF00083FCC0B2E0E74FF0FF30704708D4FF1F7C
:10AE000010D4FF1FD889FF1FC8D3FF1FC4D3FF1F53
:10AE1000D489FF1F0CD4FF1F0D4A0E4B11781B78ED
:10AE20009942DAB211D00C490968531C994207D9EA
:10AE30003F2B06D9094B3F3A1B68985CC0B270475C
:10AE40000023074AD05CC0B270474FF0FF30704714
:10AE500008D4FF1F10D4FF1FD889FF1F0CD4FF1F79
:10AE6000C8D3FF1F0C4B5B6B1B0514D50B4B0C4859
:10AE7000DA78402102F0CB02DA705974DA780949A5
:10AE800042F03402DA70084A03781268DBB20B70C1
:10AE90000AB10023137070470080044000B00640E0
:10AEA00010D4FF1F08D4FF1FC4D3FF1F2DE9F041AA
:10AEB000504C237913F0300F47D072B6A37D03F0C6
:10AEC000FF01002B58D062B6DFF82C814B4898F870
:10AED00000304B4A057816684A4F5FFA83FC4A4BAC
:10AEE000EDB2D3F800E008E01DB14FF0000C07F818
:10AEF0000C304A1E12F0FF0112D0E3790CF101026E
:10AF00009642DBB2F0D99542ACF13F00F1D03F2A36
:10AF10006DD994464A1E12F0FF010EF80030ECD1B4
:10AF20005FFA8CF388F80030384B196869B1AC458A
:10AF30003CBF721B02EB0C03354A126828BFACEB16
:10AF400005039A429CBF01230B702A48C3781E0652
:10AF5000DDB216D46A060DD5264B1B795B0609D5E2
:10AF60002C4B2D491B6800220A7003B11A70214B2B
:10AF70003C22DA70BDE8F0814023E279637462B666
:10AF8000E3E703791C06E5D5244B254ADFF894E076
:10AF90001C7816689EF80030234A244FD2F800C06F
:10AFA000E4B2DBB207E003790023FA5CD2B2C271EB
:10AFB000027D072A11D8A34203F101010ED08E426F
:10AFC000F1D927290279A3F1270301D80B46ECE731
:10AFD0001CF803200B46D2B2E9E7DCB2054B8EF831
:10AFE00000401A79110644BF7C22DA70B2E7944619
:10AFF0007DE700BF00B0064008D4FF1F10D4FF1F3C
:10B00000D889FF1FC8D3FF1F0CD4FF1FC4D3FF1F55
:10B01000D089FF1F14D4FF1F18D4FF1F44D4FF1F73
:10B02000E089FF1F4CD4FF1F48D4FF1F1CD4FF1F13
:10B03000094B10B4186060B101F14004074B084897
:10B0400001F11A021A60074B0460283110BC196024
:10B0500070474024F2E700BF0CD4FF1FD489FF1FC4
:10B06000D889FF1FD089FF1F054B186018B1054B09
:10B07000283119607047034B28211960704700BFC1
:10B0800048D4FF1FE089FF1F2DE9F84F314B1B68A3
:10B0900007460BB101221A70DFF8BC90DFF8BC80C4
:10B0A00099F80040D8F800302D4D01349C422B789F
:10B0B0002AD303F0FF0A002B3ED15446294EDFF875
:10B0C000A8B005E033791B0623D42B78A3420AD11C
:10B0D000FEF788FF4028F5DDFF28F6DD01F0CAF90C
:10B0E0002B78A342F4D0272C29D9204B283C1B686D
:10B0F000FFB21F551E4A1B4B01211170AC2289F86B
:10B1000000A0DA70BDE8F88F9C425FFA84FAD5D0CF
:10B11000E9E72B78D8F800105A1C8A42DBB203D238
:10B12000272A10D8D1B201E000210A461BF80230CC
:10B13000DBB2F3712970C8E74FF0000A54460A4B9E
:10B14000FFB21F55D6E7D1B2084A273B1268D35C3D
:10B15000DBB2EEE7A0D4FF1FD0D4FF1FF489FF1F9E
:10B16000D8D4FF1F00C00640A8D4FF1FD4D4FF1FAF
:10B17000A4D4FF1F1D4A1E49536B2DE9F04343F42D
:10B1800080531C4DDFF87080DFF870901C4F1D4E0F
:10B190005363002388F80030202889F800303B7082
:10B1A00033702B7040F213358D6002F5103238BFCA
:10B1B00020204FF45175CD60C0F344311170C0F3BD
:10B1C000471E114C82F801E000F01F002C21907204
:10B1D0004FF0E02C93701374D17040224FF4003381
:10B1E00084F83120CCF80431BDE8F08300800440BD
:10B1F00000C00440A4D4FF1F94D4FF1F9CD4FF1FA1
:10B20000D0D4FF1FD8D4FF1F00E400E0214B214918
:10B210009B7800F0030203F0EC031343420700F0B5
:10B220000F0248BF43F01003042A8B7003D18B79BF
:10B2300043F040038B71174B164A5B79C10603F04C
:10B24000EF0348BF43F0100353719379820603F074
:10B25000EF03104A48BF43F0100310F400709371DD
:10B2600010D093780C4943F0A003937009780B4BEE
:10B270000B4A03EBC10340F247305B680949186091
:10B2800011607047064B074A1968914208BF186061
:10B29000704700BF00C00640F889FF1FBC55010081
:10B2A000A0D4FF1FD400D84238B5134B5B6BDB042E
:10B2B00020D5124C237823B101F0DCF82378002B41
:10B2C000FAD10F4A0F494FF0E024002340F2031057
:10B2D0004FF40035C4F88451D3708860C8600A49BF
:10B2E0000A4C0B4809681579D2792370037009B1AB
:10B2F00001230B7038BD00BF00800440A4D4FF1FA1
:10B3000000C0064000C0044050D4FF1F94D4FF1F6B
:10B310009CD4FF1F0A4A38B50546137803F0FF0492
:10B32000002BFAD101212846FFF75EF92146284675
:10B33000FFF726F9034A044B52F835201A6038BD4E
:10B34000A4D4FF1FBC550100A0D4FF1F09B140F0D9
:10B350008000114A1378834216D010B40F4C646BEE
:10B36000E4040ED503F07F03082B02D10C4B00241C
:10B37000DC60002900F07F0314BF60214421082B0A
:10B3800003D0107010BC70477047054B41F44071FA
:10B39000D960107010BC7047F889FF1F008004400E
:10B3A00000C00440704700BF0D4B5B6B13F480532B
:10B3B00013D0212803D90B4B0020186070470A4B8B
:10B3C00010B5084C53F8303023600121FFF70CF919
:10B3D000236800221A70012010BD1846704700BF74
:10B3E0000080044050D4FF1FBC5501000C4B5B6B28
:10B3F00013F4805312D00E2809D10A4B0A4A40F2A6
:10B4000002315960537B0120034353737047064A4E
:10B41000537B03F0FE0300205373704718467047B8
:10B420000080044000C0044000C00640034B5B6B3A
:10B43000DB0401D5FFF728BE704700BF0080044041
:10B4400079B170B5074E04464518736BDB0404F1FF
:10B45000010403D514F8010CFFF716FEAC42F4D139
:10B4600070BD70470080044010B5044C237823B1B0
:10B4700001F000F82378002BFAD110BDA4D4FF1FEF
:10B48000084A094B11781A789142C8B2D3B202D255
:10B49000013B181A7047054A1268013A1344181AFA
:10B4A000704700BFD0D4FF1FD8D4FF1FF489FF1FFF
:10B4B000064A074B11781A789142D0B23CBF054A30
:10B4C0001268CBB238BF9B18181A704794D4FF1F6C
:10B4D0009CD4FF1FF089FF1F1B4B1C491A780B7867
:10B4E0009A422ED010B55FFA82FE194AD8B212687D
:10B4F000431C9A4219D93F2B1BD85FFA83FC15488D
:10B50000C05CC0B281F800C01349096861B19E45B2
:10B510003CBF7244D31A114A126828BFAEEB030332
:10B520009A4201D300230B7010BD4FF0000C63460C
:10B53000E5E70B4C3F382468205C5FFA83FCC0B21F
:10B54000E0E74FF0FF30704794D4FF1F9CD4FF1FFB
:10B55000F089FF1F54D4FF1F50D4FF1FEC89FF1F39
:10B5600098D4FF1F0D4A0E4B11781B789942DAB21E
:10B5700011D00C490968531C994207D93F2B06D9B1
:10B58000094B3F3A1B68985CC0B270470023074ADA
:10B59000D05CC0B270474FF0FF30704794D4FF1FAB
:10B5A0009CD4FF1FF089FF1F98D4FF1F54D4FF1FA6
:10B5B000054B064A1B7806491268DBB20B700AB1CC
:10B5C00000231370704700BF9CD4FF1F50D4FF1F8F
:10B5D00094D4FF1F30B43A4B1A79950624D5394DCF
:10B5E0003949DB792A780C68D8B2531C9C42D2B214
:10B5F00031D8364B1A7802F0FF0322B100221346ED
:10B600003349C8542A703349096869B1324A1078FD
:10B610009842C2B28ABFA21A9B1A9B182F4A12687C
:10B620009A429CBF01230B70254AD3781C06D9B2DD
:10B630001ED44A060DD5224B1B795B0609D5284B33
:10B6400028491B6800220A7003B11A701C4B2C2277
:10B65000DA7030BC70471D4909789942D3D03F2B2E
:10B660002CD921493F3A09688854DAB22A70CAE7CE
:10B6700013791806DDD51D4B17481D7803789D42B8
:10B68000DCB208D01A4A1268631C9A4206D9272BEA
:10B690000DD8DAB204E06C23D370CAE70022134657
:10B6A000144CE35CDBB2064CE3710270C1E7124A52
:10B6B000273C1568DAB22B5DDBB2F4E7DAB29FE71C
:10B6C00000C0064094D4FF1FF089FF1F9CD4FF1FC9
:10B6D00054D4FF1F50D4FF1FD8D4FF1FE889FF1F89
:10B6E000A0D4FF1FA4D4FF1F98D4FF1FD0D4FF1FE6
:10B6F000F489FF1FA8D4FF1FD4D4FF1F094B10B437
:10B70000186060B101F14004074B084801F11A02CA
:10B710001A60074B0460283110BC19607047402440
:10B72000F2E700BF98D4FF1FEC89FF1FF089FF1FCD
:10B73000E889FF1F054B186018B1054B28311960C7
:10B740007047034B28211960704700BFD4D4FF1FF6
:10B75000F489FF1F704700BF704700BF431E032BD3
:10B7600017D872B60C4951F8230080B110B40B4CB5
:10B77000B0F800C034F81320A2EB0C02D0F804C0DB
:10B7800041F823C024F8132062B610BC704762B69B
:10B7900070470020704700BF6CD5FF1FBCD5FF1F4E
:10B7A000013803280BD872B6074B53F8203043B149
:10B7B00000205B680130002BFBD162B6704700208F
:10B7C00070471846F9E700BF94D5FF1F10B472B652
:10B7D000194A1A4C042312F8011B090743F0010C03
:10B7E00005D554F8331061B154F83C10B9B10433A5
:10B7F000142BF0D162B6124B00221A7010BC00F06C
:10B800009DBC0F4904EBC302083050600A780D4814
:10B8100044F83300013A0A7062B610BC7047084A17
:10B82000094904EBCC0308305860137844F83C1005
:10B83000013B137062B6F0E7485701000080FF1F1C
:10B84000C4D5FF1F88004000C8004000421E032AE4
:10B850000ED81C4B400140F0100010B4034472B6E7
:10B86000194CA05C03281CD8DFE800F0131503185E
:10B8700070470520A05413F0080F088814BFC82291
:10B880008822083142EA004259601A6062B610BC50
:10B8900070470320EEE708330220EBE7083304206B
:10B8A000E8E70A4B53F8220038B1094B53F822005D
:10B8B000416043F8221062B6E9E743F82210044BD6
:10B8C000F7E700BF0080FF1FB4D5FF1F94D5FF1F0F
:10B8D000A4D5FF1F00BE00BF2DE9F04FDFF8CCA2BA
:10B8E000DFF8CCB285B03DE0B24D9E0805EBC6074F
:10B8F000013A796813F00803D4B2A1F1080040F0CE
:10B90000B88055F836204FEA124C120C21F808CCBA
:10B9100000F0A78021F8063C41F8043CA64B53F800
:10B920002420002A00F00182A44B53F82420506008
:10B9300043F82400A24B33F81420944423F814C095
:10B9400000F0DCFB002800F0E98117F0080F9D4BA8
:10B9500000F1080018BF5B46786045F836300823D0
:10B960008AF880309AF880305907DCB21BD5964BA4
:10B970001B78ABB195490A7802F0FF032AB1013B6D
:10B98000DBB20B70002B00F0468391490A7802F07D
:10B99000FF032AB1013BDBB20B70002B00F0EB81FF
:10B9A00004238AF8803014F0080200F0CC819AF861
:10B9B0009020D3B2120997D1DFF8F8919B0809EBD8
:10B9C000C30459F833006468C0F3830009287CD0AD
:10B9D0000FD80138012808D87E4A158842F2210084
:10B9E000854200F0FB8149F833B001238AF8943096
:10B9F000B5E70D28F9D1D4E90007774D49F833B000
:10BA0000744E764CC9F8102083B240F2816CC9F8AC
:10BA100018202A6063454FF00102C6E90007227032
:10BA200000F2FF80B3F5D06F80F0CB82B3F5817F59
:10BA300000F0268240F2DE8040F2023293427BD157
:10BA400007F07F07042F00F20881020C40F0058107
:10BA5000634911F8273043F0020301F827301346F9
:10BA600070E017F0080F574B18BF5B4645F83630AB
:10BA700075E700F063FB5B495B4A51F82430002B0B
:10BA800000F05781586841F82400115D03F1080067
:10BA90007860032905D8DFE801F0120F15020421B0
:10BAA00011551A8817F0080F14BFC823882343EADA
:10BAB000024345F8363052E702211155F1E70321E0
:10BAC0001155EEE705211155EBE7434D2A683AB3CE
:10BAD0004649424C0F88464894F800E00678402FCB
:10BAE0003B4628BF4023BEF1000F8EF0010E84F8C4
:10BAF00000E046F0020486F00106067009EBC4007F
:10BB0000426014BFC820882040EA03401A44FB1A50
:10BB10009BB249F834000B80002B00F036812A607C
:10BB20002C4B1A88B2F5A06F7FF45FAF9A788AF831
:10BB3000982000225A7058E7B3F5A06F40F08D802E
:10BB400000221346B6F806C02948944528BF9446FB
:10BB500067460278402F28BF402742F0020E3E047D
:10BB600009EBCE0846F0C806C8F8043049F83E6034
:10BB700000263B442670BCEB070782F001060670E6
:10BB800040F01181BCF13F0F4FF0010509D946F09B
:10BB90000206027009EBC60225705360882349F83B
:10BBA000363001238AF894301FE700BF0020074099
:10BBB000C80040000080FF1F6CD5FF1F7CD5FF1F11
:10BBC000BCD5FF1F88004000B8D5FF1FB9D5FF1FA7
:10BBD000E4D5FF1F8CD5FF1F60D5FF1F5DD5FF1F6C
:10BBE000C020074094D5FF1FB4D5FF1F5ED5FF1FAF
:10BBF0005CD5FF1F802B00F08B81822B2DD107F0AD
:10BC00007F07042F29D8A74A00231380A64B13F8D7
:10BC100027309F0740F1FC8101231370A14B0222C2
:10BC200090E742F2210C6345BBD01DD942F221229C
:10BC300093420DD1BFB2002F82D19C4B1A689C4B0E
:10BC40001A609C4BC0F3074000221870134679E736
:10BC500042F2213293423FF473AF0F238AF8C0308F
:10BC600001238AF89430C0E6B3F5086F00F04A81EA
:10BC7000B3F5106FF1D1904BC0F307400425187055
:10BC800059F835301A0606D40135142D0CD059F860
:10BC900035301A06F8D509EBC50301355868083860
:10BCA00000F04CFA142DF2D1844A854B0292854A59
:10BCB0000192854E854ADFF8188203940092002590
:10BCC0001C4656F8047B2FB138467F6800F036FAE0
:10BCD000002FF9D1009BD8F8007043F8045B46F8B8
:10BCE000045C00932FB138467F6800F027FA002FDC
:10BCF000F9D1029B48F8045B43F8045B0293019B73
:10BD000023F8025B01932378023B032B00F20981A5
:10BD1000DFE813F03F0104013F0104016D4A45F8DB
:10BD2000360013780133137019E643F82400674B8B
:10BD3000FEE5115D022926D07FF611AE03291DD143
:10BD4000012313550BE6E0076ED4210621D4A20788
:10BD500008D5614B93F888200221D2B283F888205D
:10BD600083F88010E30603D55B4B102283F8802014
:10BD700005B0BDE8F08F00F059FB11E617F0080F91
:10BD800014BF032302231355E9E53F2F98BF002278
:10BD9000C5E6514B80220D2183F8C01083F8802026
:10BDA000A207DFD5D5E746F002060270402F09EB67
:10BDB000C6003A4628BF402243601004134440F0B6
:10BDC00088000121BA1A49F83600217055D02B603D
:10BDD000424B1A8001238AF8943006E692885AB9B9
:10BDE0003F4AE51D14F8011B02F8011FAC42F9D1CE
:10BDF0003C4A1268862A3CD03B4C3C482578027865
:10BE0000002D85F00105257042F0020482F0010248
:10BE1000027009EBC4024FF00000506014BFC8224A
:10BE2000882249F83420DEE52B4B30483049314C2C
:10BE3000022583F8945002702F480C602F4D486003
:10BE40008C600D24CD60FF200A618A6183F8C040B8
:10BE500001219F2483F8880083F8800083F89820CC
:10BE600083F88C0083F8844083F8941005B0BDE813
:10BE7000F08F234A0F201070BEE73F2FA7D890E61F
:10BE800007F07F07042F3FF6E8AE000C7FF4E5AE25
:10BE9000054A12F8273023F0020302F82730002267
:10BEA00013464FE664D5FF1FC0200740C0D3FF1FD5
:10BEB000E0D5FF1FDCD5FF1FB8D5FF1FA4D5FF1F9E
:10BEC000B4D5FF1FBCD5FF1F6CD5FF1F7CD5FF1F4E
:10BED00094D5FF1FC4D5FF1F002007405ED5FF1F6C
:10BEE000D3D5FF1FD4D5FF1F5DD5FF1F5CD5FF1F26
:10BEF0000080FF1F88004000DCD4FF1F1CD5FF1FFF
:10BF0000B9D5FF1F484B49491B780B700B4619E602
:10BF1000464A00231380454B022213E64FF00103EB
:10BF20002370434BB34204F101047FF4CAAE414E87
:10BF3000039CDFF80481414F00233370042518F877
:10BF4000013B3F4AAB541B0725D445F0020145F0A5
:10BF5000030204350023142D49F8313049F83230FA
:10BF6000EDD1384F25783A7842F0020009EBC00C49
:10BF700085F00106CCF80430002D4DD1882382F0E5
:10BF8000010226703A7049F8303001238AF8943063
:10BF90002BE52570C5E700F0B1F8002832D009EB99
:10BFA000C5030830586049F8357000F0A7F808B3A9
:10BFB00045F0010309EBC3020830506049F833B083
:10BFC000C3E7214A5368002B3FF447AE000CBFB2D1
:10BFD00004E013690C32002B3FF43FAE118881421C
:10BFE000F7D15188B942F4D1000A03280CBF1A785E
:10BFF0001289A7E533780133337045F0010349F81E
:10C000003300A2E7337849F8350001333370CCE7C9
:10C01000064B022296E500BE2670C82382F0010678
:10C020003E7049F83030BCE5B8D5FF1F64D5FF1F1E
:10C030007CD5FF1FC4D5FF1F485701008800400072
:10C04000C02007405CD5FF1FF456010070B500F01A
:10C05000B3FA00231A4A194642F8331002EBC30020
:10C060000133142B4160F7D1164C174B606B174D01
:10C0700040F480206063C2F3072483F89C40144C92
:10C08000FF204FF0010CC2F30746120E83F8B06098
:10C090004FF0E02E83F8B42083F8800083F8880006
:10C0A000187483F894C0217083F884C0702385F8D5
:10C0B00049304FF400721023CEF80821237270BD6E
:10C0C0000080FF1F008004400020074000E400E0E3
:10C0D0000021074000F0ACB800F07CB800F056B882
:10C0E00000F090B800F076B900F050B9084611465B
:10C0F00000F0BAB8084600F03BB900BF72B60D496F
:10C100000B68B3FA83F00B2810DC4FF00042C240FA
:10C1100023EA02030B6062B6074A00EBC000C100CD
:10C1200002EBC000002353504360704762B600200A
:10C13000704700BF0C8AFF1FBC83FF1F0E4BC31A42
:10C14000B3F5587F10D20D4A127872B972B60C4A04
:10C150000C49A2FB032308684FF000421B0922FA96
:10C1600003F303430B6062B67047074A1278002A54
:10C17000ECD0FFF72BBB00BFBC83FF1FC4D5FF1F54
:10C18000398EE3380C8AFF1FB8D5FF1F38B50F4C26
:10C19000206878B143880288C11801339A420D7A29
:10C1A00002D94380284638BDFFF7C8FF002323602B
:10C1B000284638BD064B1B782BB10320FFF7CEFA7B
:10C1C00020600028E6D14FF0FF35EBE7C8D5FF1F10
:10C1D000B8D5FF1F10B5094C206818B14388184422
:10C1E000007A10BD064B1B782BB10320FFF7B6FA7F
:10C1F00020600028F2D14FF0FF3010BDC8D5FF1FDE
:10C20000B8D5FF1F084B094A1B6810B594881BB1AD
:10C210001A885B88D31A1C440CB1204610BD00F06C
:10C2200029F9204610BD00BFC8D5FF1FBCD5FF1F90
:10C230000B4B1B789BB110B50A4C206848B1FFF737
:10C240007DFF002303202360FFF788FA30B1FFF75A
:10C2500075FF0320FFF782FA0028F8D110BD704760
:10C26000B8D5FF1FC8D5FF1F2DE9F04FDFF8EC90C0
:10C2700083B0012289F80020019179B3384FDFF8AB
:10C28000E480019D384EDFF8E4A083463968A1B30D
:10C29000B1F802E0CEF1400CAC4528BFAC460EEB45
:10C2A0000C040022A4B23270A5EB0C054C8001F105
:10C2B0000802BCF1000F0AD00EF1FF3E7244DC44CC
:10C2C0001BF8014B02F8014FDC45F9D14C883F2C9B
:10C2D0000BD805228AF80020002DD7D10198002321
:10C2E00089F8003003B0BDE8F08F40220A800420B6
:10C2F000FFF7ACFA00223A60EBE798F800202AB387
:10C300004AF2F92408E0013C19D03278BAB900F0B9
:10C31000B1F898F80020CAB10420FFF741FA0728C5
:10C32000F1D84FF0010389F80030FFF7E7FE01462E
:10C3300038600028ACD1013C89F80000E5D1012328
:10C340004FF0FF30337003B0BDE8F08F00234FF0A3
:10C35000FF3089F8003003B0BDE8F08FCDD5FF1F66
:10C36000D0D5FF1FB8D5FF1FCCD5FF1FE4D5FF1FC9
:10C3700000B583B0034601210DF107008DF80730A9
:10C38000FFF772FF03B05DF804FB00BF38B50E4D38
:10C390000E4C28680123237028B140880023C0F187
:10C3A0004000237038BD0A4B1B7813B90020207061
:10C3B00038BD0420FFF7F4F90728F7D8FFF79EFEF1
:10C3C00028600028E9D1F1E7D0D5FF1FCDD5FF1FA8
:10C3D000B8D5FF1FF8B5114B1B788BB1104E114D1E
:10C3E000346801272F7064B10F4B00271F706388DA
:10C3F000238021460420FFF729FA376000232B70A1
:10C40000F8BDFFF77BFE084B014620B104201C70ED
:10C41000FFF71CFAF2E71F70F0E700BFB8D5FF1F67
:10C42000D0D5FF1FCDD5FF1FE4D5FF1F38B50E4B6C
:10C430001B7853B90D4C216841B103F0FF054B88BF
:10C440000B800420FFF702FA256038BDFFF756FE87
:10C45000014620B1BDE838400420FFF7F7B9044B8E
:10C4600001221A7038BD00BFCDD5FF1FD0D5FF1FE8
:10C47000E4D5FF1F2DE9F843324E337863B1324FD4
:10C480003A784AB90122D9073A7043D49A0726D498
:10C4900000225B073A7001D4BDE8F8832B4B1A6881
:10C4A000002AF9D0EFF30582002AF5D1EFF31085C9
:10C4B00072B6186800283AD0254C2178002936D168
:10C4C00042691A6001232370002A37D0916105B9AF
:10C4D00062B600258368457798472570DCE7DFF86A
:10C4E000748098F80020002AD2D00025DFF86890E8
:10C4F0002B4659F82340236820461B69013598478D
:10C5000008B12369984798F80020EBB29A42F0D816
:10C510003378BDE7FFF776FE68B9104B1B780BB98F
:10C520003378B3E7337803F0FE033370AEE7002DC2
:10C53000B2D162B6B0E700F03DF8EEE7084B1A6002
:10C54000C5E700BF108AFF1FE5D5FF1FA8D3FF1F57
:10C55000B4D3FF1FF4D5FF1FE8D5FF1FB854010067
:10C56000B8D3FF1F70B4104E104D3478D4B1621E92
:10C57000D2B2291D2B4601EB820101E08B4205D08E
:10C5800053F8042B8242F9D170BC7047631CDBB2B4
:10C59000074A3370137845F8240043F00203137000
:10C5A00070BC70470123F3E7F4D5FF1FE8D5FF1FE8
:10C5B000108AFF1F704700BF10B584B072B6174ACB
:10C5C000702441200F2180231470D0719171137059
:10C5D00013781B06FCD5906862B6114B114C98423B
:10C5E00038BF00EB800001A938BF40000A22FDF7E8
:10C5F0001FFD01A92046002311F8012B01333AB198
:10C600000A2B20F8022FF7D11623237004B010BD97
:10C610005B00DBB2237004B010BD00BF000002401D
:10C6200080969800A08AFF1F38B5044600F02CF8C9
:10C630000546204600F020F848B10D49204600F09C
:10C64000AFFE30B90B49204600F08CFE48B92846B1
:10C6500038BD01F05BFE4FF0FF4522230360284602
:10C6600038BD01F053FE222300250360EFE700BF31
:10C670001772B142B5F1CFC220F00040B0F1FF4FC8
:10C68000ACBF00200120704720F00042B2F1FF4F04
:10C690002DE9F04704466CD84FEAD07500F0C6800B
:10C6A0007A49884200F3B4800028C0F2B680784B03
:10C6B0009A4263D9774B9A4200F2C580764B204666
:10C6C00053F8251000F0A6FB744BC5F1010653F892
:10C6D00025908046761B4946404600F09BFB01466C
:10C6E000054600F0A1FC6E49044600F09DFC6D4932
:10C6F00000F090FB214600F097FC6B4900F08CFBAA
:10C70000214600F091FC694900F084FB214600F0CD
:10C710008BFC674900F080FB214600F085FC014658
:10C72000284600F077FB2C4607468246002E57D05D
:10C730003946284600F078FC394604464FF08040E0
:10C7400000F068FB0146204600F022FD0146484605
:10C7500000F060FB414600F05DFB01464FF07E506B
:10C7600000F058FB16F17D0F64DB00EBC650BDE80E
:10C77000F087014600F050FBBDE8F087B2F1505F52
:10C7800009D24C49204600F047FB4FF07E5100F0A3
:10C7900007FE002874D12146204600F045FC4049A0
:10C7A000054600F041FC3F4900F034FB294600F00B
:10C7B0003BFC3D4900F030FB294600F035FC3B498D
:10C7C00000F028FB294600F02FFC394900F024FB3B
:10C7D000294600F029FC0146204600F01BFB82465A
:10C7E0005146204600F020FC4FF08041054650465F
:10C7F00000F010FB0146284600F0CAFC214600F07C
:10C8000009FB01464FF07E5000F004FBBDE8F087C5
:10C81000BDE8F047002000F07BB8274B9A427FF636
:10C8200046AFBDE8F047002000F06EB8002DA3D061
:10C830000020A1E764364FF0586100EBC65000F0CD
:10C84000F3FBBDE8F0871D49204600F0EDFB1C4BD3
:10C8500053F8251000F0E0FA00F0ACFD064600F0B9
:10C860008FFB1849054600F0DFFB0146204600F02B
:10C87000D1FA15498046284600F0D6FB81462AE7C2
:10C880004FF07E51204600F0C7FA75E71772B142AB
:10C890001872B13E9115853F545701005C57010055
:10C8A0004CBB31330EEADD3555B38A38610B363B6C
:10C8B000ABAA2A3ECAF24971B5F1CF423BAAB83FB2
:10C8C0004C5701008071313FD1F7173738B5054615
:10C8D0000C4601F01BFD034628461C6038BD00BF16
:10C8E00008B540B101F1004000F09EFBBDE80840F2
:10C8F0002221FFF7EBBF084600F096FBBDE8084099
:10C900002221FFF7E3BF00BF4FF08051FFF7E8BFE0
:10C910004FF0E041FFF7E4BF81F0004102E000BFCB
:10C9200083F0004330B54FEA41044FEA430594EAEF
:10C93000050F08BF90EA020F1FBF54EA000C55EA2A
:10C94000020C7FEA645C7FEA655C00F0E2804FEAFB
:10C950005454D4EB5555B8BF6D420CDD2C4480EADD
:10C96000020281EA030382EA000083EA010180EA0D
:10C97000020281EA0303362D88BF30BD11F0004F5B
:10C980004FEA01314FF4801C4CEA113102D0404291
:10C9900061EB410113F0004F4FEA03334CEA1333CC
:10C9A00002D0524263EB430394EA050F00F0A780E4
:10C9B000A4F10104D5F1200E0DDB02FA0EFC22FADF
:10C9C00005F2801841F1000103FA0EF2801843FAD3
:10C9D00005F359410EE0A5F120050EF1200E012AC4
:10C9E00003FA0EFC28BF4CF0020C43FA05F3C01802
:10C9F00051EBE37101F0004507D54FF0000EDCF17B
:10CA0000000C7EEB00006EEB0101B1F5801F1BD323
:10CA1000B1F5001F0CD349085FEA30004FEA3C0C27
:10CA200004F101044FEA445212F5800F80F09A801D
:10CA3000BCF1004F08BF5FEA500C50F1000041EB21
:10CA4000045141EA050130BD5FEA4C0C404141EB25
:10CA50000101013C28BFB1F5801FE9D291F0000F20
:10CA600004BF01460020B1FA81F308BF2033A3F1CF
:10CA70000B03B3F120020CDA0C3208DD02F1140CC6
:10CA8000C2F10C0201FA0CF021FA02F10CE002F101
:10CA90001402D8BFC2F1200C01FA02F120FA0CFCFA
:10CAA000DCBF41EA0C019040E41AA2BF01EB045143
:10CAB000294330BD6FEA04041F3C1CDA0C340EDC41
:10CAC00004F11404C4F1200220FA04F001FA02F384
:10CAD00040EA030021FA04F345EA030130BDC4F142
:10CAE0000C04C4F1200220FA02F001FA04F340EA37
:10CAF0000300294630BD21FA04F0294630BD94F0E8
:10CB0000000F83F4801306BF81F480110134013DCE
:10CB10004EE77FEA645C18BF7FEA655C29D094EA3F
:10CB2000050F08BF90EA020F05D054EA000C04BFBD
:10CB30001946104630BD91EA030F1EBF00210020A8
:10CB400030BD5FEA545C05D14000494128BF41F047
:10CB5000004130BD14F580043CBF01F5801130BDAB
:10CB600001F0004545F0FE4141F470014FF0000036
:10CB700030BD7FEA645C1ABF194610467FEA655CE7
:10CB80001CBF0B46024650EA013406BF52EA033589
:10CB900091EA030F41F4002130BD00BF90F0000F77
:10CBA00004BF0021704730B54FF4806404F13204B3
:10CBB0004FF000054FF0000150E700BF90F0000F6C
:10CBC00004BF0021704730B54FF4806404F1320493
:10CBD00010F0004548BF40424FF000013EE700BF63
:10CBE00042004FEAE2014FEA31014FEA02701FBFF3
:10CBF00012F07F4393F07F4F81F06051704732F025
:10CC00007F4208BF704793F07F4F04BF41F400217B
:10CC1000704730B54FF4607401F0004521F00041D9
:10CC20001CE700BF50EA010208BF704730B54FF063
:10CC300000050AE050EA010208BF704730B511F064
:10CC4000004502D5404261EB41014FF4806404F19C
:10CC500032045FEA915C3FF4D8AE4FF003025FEA22
:10CC6000DC0C18BF03325FEADC0C18BF033202EBA6
:10CC7000DC02C2F1200300FA03FC20FA02F001FA00
:10CC800003FE40EA0E0021FA02F11444BDE600BFA3
:10CC90004FF0FF3C06E000BF4FF0010C02E000BF88
:10CCA0004FF0010C4DF804CD4FEA410C7FEA6C5C6B
:10CCB0004FEA430C18BF7FEA6C5C1BD001B050EA0E
:10CCC000410C0CBF52EA430C91EA030F02BF90EAF9
:10CCD000020F0020704710F1000F91EA030F58BFB8
:10CCE000994208BF90422CBFD8176FEAE37040F01A
:10CCF000010070474FEA410C7FEA6C5C02D150EAB8
:10CD0000013C07D14FEA430C7FEA6C5CD6D152EA72
:10CD1000033CD3D05DF8040B704700BF8446104637
:10CD200062468C461946634600E000BF01B5FFF736
:10CD3000B7FF002848BF10F1000F01BD4DF808ED06
:10CD4000FFF7F4FF0CBF012000205DF808FB00BFD7
:10CD50004DF808EDFFF7EAFF34BF012000205DF831
:10CD600008FB00BF4DF808EDFFF7E0FF94BF01207E
:10CD700000205DF808FB00BF4DF808EDFFF7CEFF7F
:10CD800094BF012000205DF808FB00BF4DF808EDBE
:10CD9000FFF7C4FF34BF012000205DF808FB00BF8F
:10CDA0004FEA410C7FEA6C5C02D150EA013C0AD1A7
:10CDB0004FEA430C7FEA6C5C02D152EA033C02D199
:10CDC0004FF0000070474FF0010070474A0011D249
:10CDD00012F5001211D20DD56FF47873B3EB6252D5
:10CDE0000ED44FEAC12343F0004343EA505323FAE1
:10CDF00002F070474FF00000704750EA013002D156
:10CE00004FF0FF3070474FF00000704780F0004057
:10CE100002E000BF81F0004142001FBF5FEA410312
:10CE200092EA030F7FEA226C7FEA236C6AD04FEA12
:10CE30001262D2EB1363C1BFD21841404840414057
:10CE4000B8BF5B42192B88BF704710F0004F40F409
:10CE5000000020F07F4018BF404211F0004F41F425
:10CE6000000121F07F4118BF494292EA030F3FD0F1
:10CE7000A2F1010241FA03FC10EB0C00C3F1200304
:10CE800001FA03F100F0004302D5494260EB400093
:10CE9000B0F5000F13D3B0F1807F06D340084FEAFE
:10CEA000310102F10102FE2A51D2B1F1004F40EBF3
:10CEB000C25008BF20F0010040EA0300704749005B
:10CEC00040EB0000013A28BFB0F5000FEDD2B0FAF8
:10CED00080FCACF1080CB2EB0C0200FA0CF0AABF1B
:10CEE00000EBC25052421843BCBFD04018437047B9
:10CEF00092F0000F81F4000106BF80F400000132BF
:10CF0000013BB5E74FEA41037FEA226C18BF7FEA95
:10CF1000236C21D092EA030F04D092F0000F08BFD7
:10CF20000846704790EA010F1CBF0020704712F0BE
:10CF30007F4F04D1400028BF40F00040704712F1FD
:10CF400000723CBF00F50000704700F0004343F062
:10CF5000FE4040F4000070477FEA226216BF084698
:10CF60007FEA23630146420206BF5FEA412390EA5B
:10CF7000010F40F4800070474FF0000304E000BF51
:10CF800010F0004348BF40425FEA000C08BF704702
:10CF900043F0964301464FF000001CE050EA0102C6
:10CFA00008BF70474FF000030AE000BF50EA0102DB
:10CFB00008BF704711F0004302D5404261EB4101C8
:10CFC0005FEA010C02BF84460146002043F0B643ED
:10CFD00008BFA3F18053A3F50003BCFA8CF2083A12
:10CFE000A3EBC25310DB01FA02FC634400FA02FC1B
:10CFF000C2F12002BCF1004F20FA02F243EB020022
:10D0000008BF20F00100704702F1200201FA02FC83
:10D01000C2F1200250EA4C0021FA02F243EB020076
:10D0200008BF20EADC7070474FF0FF0C1CEAD052BA
:10D030001EBF1CEAD15392EA0C0F93EA0C0F6FD07B
:10D040001A4480EA010C400218BF5FEA41211ED059
:10D050004FF0006343EA501043EA5111A0FB013145
:10D060000CF00040B1F5000F3EBF490041EAD3711A
:10D070005B0040EA010062F17F02FD2A1DD8B3F196
:10D08000004F40EBC25008BF20F00100704790F005
:10D09000000F0CF0004C08BF49024CEA502040EA57
:10D0A00051207F3AC2BFD2F1FF0340EAC25070471D
:10D0B00040F400004FF00003013A5DDC12F1190F5B
:10D0C000DCBF00F000407047C2F10002410021FACD
:10D0D00002F1C2F1200200FA02FC5FEA310040F1E5
:10D0E000000053EA4C0308BF20EADC70704792F05E
:10D0F000000F00F0004C02BF400010F4000F013A96
:10D10000F9D040EA0C0093F0000F01F0004C02BF90
:10D11000490011F4000F013BF9D041EA0C018FE7FF
:10D120000CEAD15392EA0C0F18BF93EA0C0F0AD005
:10D1300030F0004C18BF31F0004CD8D180EA01002B
:10D1400000F00040704790F0000F17BF90F0004FC4
:10D15000084691F0000F91F0004F14D092EA0C0FA6
:10D1600001D142020FD193EA0C0F03D14B0218BF39
:10D17000084608D180EA010000F0004040F0FE407F
:10D1800040F40000704740F0FE4040F4400070471B
:10D190004FF0FF0C1CEAD0521EBF1CEAD15392EA9A
:10D1A0000C0F93EA0C0F69D0A2EB030280EA010C8A
:10D1B00049024FEA402037D04FF0805343EA111123
:10D1C00043EA10130CF000408B4238BF5B0042F181
:10D1D0007D024FF4000C8B4224BF5B1A40EA0C0026
:10D1E000B3EB510F24BFA3EB510340EA5C00B3EB58
:10D1F000910F24BFA3EB910340EA9C00B3EBD10F46
:10D2000024BFA3EBD10340EADC001B0118BF5FEA97
:10D210001C1CE0D1FD2A3FF650AF8B4240EBC250C0
:10D2200008BF20F0010070470CF0004C4CEA502081
:10D230007F32C2BFD2F1FF0340EAC250704740F4D0
:10D2400000004FF00003013A37E792F0000F00F0C2
:10D25000004C02BF400010F4000F013AF9D040EA40
:10D260000C0093F0000F01F0004C02BF490011F4D4
:10D27000000F013BF9D041EA0C0195E70CEAD153CC
:10D2800092EA0C0F08D142027FF47DAF93EA0C0FB3
:10D290007FF470AF084676E793EA0C0F04D14B0297
:10D2A0003FF44CAF08466EE730F0004C18BF31F049
:10D2B000004CCAD130F000427FF45CAF31F0004343
:10D2C0007FF43CAF5FE700BF4FF0FF3C06E000BFDC
:10D2D0004FF0010C02E000BF4FF0010C4DF804CDFF
:10D2E0004FEA40024FEA41037FEA226C18BF7FEA0F
:10D2F000236C11D001B052EA530C18BF90EA010F11
:10D3000058BFB2EB030088BFC81738BF6FEAE1709F
:10D3100018BF40F0010070477FEA226C02D15FEA3B
:10D32000402C05D17FEA236CE4D15FEA412CE1D0A7
:10D330005DF8040B704700BF844608466146FFE76E
:10D340000FB5FFF7C9FF002848BF10F1000F0FBD50
:10D350004DF808EDFFF7F4FF0CBF012000205DF849
:10D3600008FB00BF4DF808EDFFF7EAFF34BF0120CE
:10D3700000205DF808FB00BF4DF808EDFFF7E0FF67
:10D3800094BF012000205DF808FB00BF4DF808EDB8
:10D39000FFF7D2FF94BF012000205DF808FB00BF1B
:10D3A0004DF808EDFFF7C8FF34BF012000205DF8FD
:10D3B00008FB00BF4FEA4002B2F1FE4F0FD34FF01F
:10D3C0009E03B3EB12620DD94FEA002343F00043F2
:10D3D00010F0004F23FA02F018BF404270474FF0A0
:10D3E0000000704712F1610F01D1420205D110F027
:10D3F000004008BF6FF0004070474FF000007047DA
:10D4000042000ED2B2F1FE4F0BD34FF09E03B3EBAE
:10D41000126209D44FEA002343F0004323FA02F0DA
:10D4200070474FF00000704712F1610F01D14202C6
:10D4300002D14FF0FF3070474FF00000704700BF3F
:10D44000024B0146186800F003B800BF6091FF1F4F
:10D450002DE9F04F01F10B06162E83B0044624D8B7
:10D46000102900F2BA8000F0A3FA10261822022038
:10D47000B54F3A44A2F1080153688B4200F0BA80DC
:10D480005A68D96822F003021A449D68E9608D60E9
:10D49000516841F001012046516003F1080500F098
:10D4A0008DFA284603B0BDE8F08F36F0070600F18C
:10D4B0009480B14200F2918000F07AFAB6F5FC7FD8
:10D4C000C0F09A81730A00F08F80042B00F26F8104
:10D4D000B30903F1390003F1380CC3009A4F3B4400
:10D4E000A3F108055B689D4206D10CE0002980F29B
:10D4F0002781DB689D4206D05A6822F00302911B07
:10D500000F29F3DD60463D69DFF840C265457CD0F8
:10D510006A6822F00302931B0F2B00F37B81002B20
:10D52000C7E904CC80F26C81B2F5007F80F01A81EB
:10D53000D308796801334FEA521E012202FA0EF233
:10D540000A4357F833E0C5F808E007EBC301083990
:10D55000E9607A6047F83350CEF80C50831001210F
:10D560009940914257D8114206D120F0030049005A
:10D57000114200F10400FAD007EBC0094D4686467F
:10D58000D5F80C80454508D11DE1002B80F224819F
:10D59000D8F80C80454500F01681D8F8042022F018
:10D5A0000302931B0F2BF0DD2046D8E9025408EB51
:10D5B000060146F00106C8F80460EC60A56043F07F
:10D5C0000104C7E90411C1E902CC4C6048F80230FB
:10D5D00000F0F4F908F1080502E00C2323600025AF
:10D5E000284603B0BDE8F08F4FF4007340204FF0A1
:10D5F0003F0C73E7D3689A4208BF02307FF440AF14
:10D600003D69DFF848C1654582D17A688310012100
:10D6100099409142A7D9BD686B6823F003094E4534
:10D6200003D8A9EB06030F2B7ADCDFF824B1494BB2
:10D63000DBF800201B680132334405EB090A00F0D7
:10D64000338103F580530F3323F47F6828F00F08EC
:10D650004146204600F032FE411C024600F0F380B5
:10D66000824500F2EE803C4B19684144196008463F
:10D6700000F04E81DBF80010019301311BBFA2EBDB
:10D680000A010918CBF80020196012F0070B00F00E
:10D690001781CBF108010A44CBF580519044083141
:10D6A000A1EB0801C1F30B0A51462046009200F09D
:10D6B00005FE421CDDE9002300F04F81801A00EBDB
:10D6C0000A081968BA6048F001005144BD42506030
:10D6D000196000F02981B9F10F0F40F227816868C5
:10D6E000A9F10C0C2CF0070C00F0010040EA0C0032
:10D6F00068604FF0050E05EB0C00BCF10F0FC0E9A0
:10D7000001EE00F2328150681546144B1A688A42C5
:10D7100038BF1960124B1A688A4238BF196094E00A
:10D72000AA1943F0010346F001066E602046BA6074
:10D73000536000F043F90835284603B0BDE8F08F88
:10D74000D9681A44A1E600BFB88AFF1FC08AFF1F2C
:10D75000C08EFF1F28D6FF1FF8D5FF1F20D6FF1F42
:10D7600024D6FF1FB2F5206F4FEA522363D3142B48
:10D7700000F2B78003F15C01C9005B3307EB010ED7
:10D780007958AEF1080E8E4500F091804B6823F079
:10D790000303934202D989688E45F7D1D1F80CE092
:10D7A0007A68C5E9021ECEF80850CD60D6E6142B83
:10D7B00059D9542B00F29D80330B03F16F0003F114
:10D7C0006E0CC3008AE60EF1010E1EF0030F05F188
:10D7D00008057FF4D5AE51E0424445465368D8F879
:10D7E0000C1043F00103536055F8083F2046D96000
:10D7F0008B6000F0E3F8F3E6F00806F1080237E684
:10D800002A442046536843F001035360083500F072
:10D81000D5F8E5E6A919204646F0010643F00104D3
:10D820006E60C7E90411C1E902CC4C60AB5000F056
:10D83000C5F80835D4E6930903F13901C900383336
:10D840009CE7BD425FD0BD68686820F0030846458C
:10D85000A8EB060302D80F2B3FF762AF204600F07B
:10D86000ADF80025BCE603F15C0003F15B0CC300DE
:10D8700034E659F808394B4540F0968010F0030F14
:10D8800000F1FF30F5D17B6823EA01037B6049009A
:10D8900099423FF6C0AE19B9BDE649000EF1040E3B
:10D8A0001942FAD0704667E603F11008D0E69A10E4
:10D8B0004FF001087B6808FA02F21A437A6070E7B9
:10D8C00002EB08014942C1F30B0A5146204600927F
:10D8D00000F0F4FC431CDDE900237FF4EFAEDA46F0
:10D8E000EFE6542B25D8130B03F16F01C9006E33FB
:10D8F00044E7B3F5AA7F25D8F30B03F1780003F1D1
:10D90000770CC300EAE5294B186840441860B1E67B
:10D91000CAF30B0CBCF1000F7FF4ACAEBD68C84479
:10D9200048F001006860F0E61546EEE6012353601A
:10D9300094E7B3F5AA7F23D8D30B03F17801C9008C
:10D9400077331BE740F25452934223D8B30C03F1D0
:10D950007D0003F17C0CC300C0E5ABF1080BD8449B
:10D96000A8EB02084FF0000AABE605F108012046DB
:10D97000009300F0D3FDBD68009B68681968C4E699
:10D9800040F254518B420BD8930C03F17D01C90036
:10D990007C33F3E64FF47E737F204FF07E0C9DE5E1
:10D9A0004FF47E717E23E9E67B6870E7F8D5FF1FB0
:10D9B000014800F0D9BC00BF70D7FF1F014800F03C
:10D9C000D5BC00BF70D7FF1F2DE9F84F17460029BF
:10D9D00000F098800C4607F10B058046FFF7E8FF42
:10D9E000162D54F8041C5BD810252A46AF425CD88B
:10D9F00021F003069642A4F1080962DABC4BD3F881
:10DA000008C009EB0600844500F09780D0F804C0F8
:10DA10002CF0010303445B68DB0768D42CF0030C93
:10DA200006EB0C03934247DACB0710D454F8083CBA
:10DA3000A9EB030ADAF8043023F003018C44B44460
:10DA4000944580F211817318934280F2E880394640
:10DA50004046FFF7FDFC0746E0B154F8043C23F0D4
:10DA600001034B44A0F10802934200F0D280321F20
:10DA7000242A00F2F580132A00F2AC8003462246E5
:10DA8000116819605168596092689A602146404651
:10DA900000F044FD4046FFF791FF3846BDE8F88F9F
:10DAA00025F00705002D2A46A0DA0C23C8F800301F
:10DAB00000273846BDE8F88F1E46D0E90223D36020
:10DAC0009A60731B0F2B22D8D9F8043003F001039E
:10DAD00033434E44C9F80430736843F00103736064
:10DAE00040462746FFF76AFF3846BDE8F88FC9076A
:10DAF000ADD454F8083CA9EB030ADAF8041021F07D
:10DB00000301A0E7BDE8F84F1146FFF7A1BCD9F823
:10DB1000042009EB050102F001024E4443F0010329
:10DB20002A43C9F804204B60736843F001030831AD
:10DB30007360404600F0F2FCD2E7DCF8040020F00D
:10DB4000030B06EB0B0C05F1100084454DDAC907F9
:10DB50003FF57DAF54F8081CA9EB010ADAF8041070
:10DB600021F003018B44B34458453FF76CAF57464F
:10DB7000DAF80C1057F8080F321F242AC1608860A9
:10DB800000F2DB80132A40F2D6802168CAF8081020
:10DB90006168CAF80C101B2A00F2DF8008340AF111
:10DBA00010022168116061685160A16891600AEB00
:10DBB0000501ABEB050242F0010299604A60DAF818
:10DBC000043003F001032B434046CAF80430FFF74A
:10DBD000F5FE6EE723680360636843601B2A68D81C
:10DBE00004F1080200F108034AE709EB05029A6014
:10DBF000ACEB050343F00103536054F8043C03F01D
:10DC000001032B43404644F8043CFFF7D7FE274668
:10DC10004FE750F8043C23F003031E4451E75746F6
:10DC2000DAF80C1057F8080F321F242AC1608860F8
:10DC30004CD8132A48D92168CAF808106168CAF874
:10DC40000C101B2A56D808340AF110021E4623680D
:10DC5000136063685360A3689360D1463C4630E725
:10DC6000214600F0E7F911E7D0E902135746CB60EF
:10DC7000996057F8081FDAF80C30CB60321F242A5D
:10DC800099602DD8132A29D92368CAF80830636807
:10DC9000CAF80C301B2A42D808340AF11003226853
:10DCA0001A6062685A60A2689A606646D1463C462D
:10DCB00007E7A3688360E368C360242A26D004F1E1
:10DCC000100200F11003DBE63A46BFE72146384672
:10DCD0001E46D14600F0AEF93C46F2E63B46DEE792
:10DCE000214638466646D14600F0A4F93C46E8E6AF
:10DCF000B88AFF1FA168CAF81010E168CAF81410AA
:10DD0000242A20D010340AF118029FE72369036106
:10DD10006169416104F1180200F11803B0E6A368DB
:10DD2000CAF81030E368CAF81430242A21D010341D
:10DD30000AF11803B3E73A4633E72146384600F0C4
:10DD400079F9164B33E72269CAF818206269CAF8D4
:10DD50001C2018340AF1200278E7A168CAF81010D4
:10DD6000E168CAF81410242A0DD010340AF1180200
:10DD700017E72369CAF818306369CAF81C301834E9
:10DD80000AF120038BE72269CAF818206269CAF8F1
:10DD90001C2018340AF1200203E700BFB88AFF1FD5
:10DDA000024A0349034800F0BBB800BFC88EFF1FFA
:10DDB000710A01004090FF1F0C4B4168994210B559
:10DDC000044601D002F054FEA168094B994202D0EA
:10DDD000204602F04DFEE168064B994204D02046F1
:10DDE000BDE8104002F044BE10BD00BF2CD6FF1F9E
:10DDF00094D6FF1FFCD6FF1F2DE9F8432A4C2B4B6E
:10DE00002B48DFF8B090DFF8B0802C4F1860002569
:10DE100004230822294604F15C00294E6566C4E902
:10DE20000253C4E90055C4E90455A56100F07EF928
:10DE3000244B63670822294604F1C400C4E907495A
:10DE4000C4E90987C4E91A55C4E91E55C4F8CC5081
:10DE50002567C4F88050E66200F068F91A4BC4F8F0
:10DE6000DC30294604F16803082204F59670C4F8F2
:10DE70008430C4E92298C4E92476C4E93455C4E95D
:10DE80003855C4F83451C4F8D850C4F8E85000F0FC
:10DE90004DF904F1D003C4E93C98C4E93E76C4F8D6
:10DEA000EC30BDE8F88300BF2CD6FF1F64D7FF1FFE
:10DEB000A1DD0000A9DF0000CDDF00000DE00000C3
:10DEC0002DE00000090001001200020010B5044618
:10DED0000A4800F049FA636B23B9094B094A1B68E9
:10DEE000626323B1BDE81040044800F03FBAFFF779
:10DEF00083FFBDE81040014800F038BA74D7FF1F17
:10DF000064D7FF1FB9DD0000014800F02DBA00BF43
:10DF100074D7FF1F014800F029BA00BF74D7FF1F54
:10DF20002DE9F84380460F4616464FF00009D6E922
:10DF30000154013D11D4A389012B05F1FF3508D906
:10DF4000B4F90E300133214603D04046B84749EAC0
:10DF500000096B1C04F16804EDD13668002EE6D18F
:10DF60004846BDE8F88300BF0EB410B59DB06FF011
:10DF700000411FABCDE906010491094953F8042B78
:10DF80000290084C0868019302A9059400F09EFFD6
:10DF9000029B00221A701DB0BDE8104003B070470C
:10DFA0006091FF1F0802FFFF10B50C46B1F90E107B
:10DFB00000F06EF9002803DB236D0344236510BDD8
:10DFC000A38923F48053A38110BD00BF2DE9F04144
:10DFD0000C46B1F90C101F46CB05054616460BD46E
:10DFE00021F48051A1813B46B4F90E1032462846F7
:10DFF000BDE8F04100F074B9B4F90E10022300221C
:10E0000000F030F9B4F90C10EAE700BF10B50C4687
:10E01000B1F90E1000F026F9A389421C0EBF23F4BB
:10E02000805343F480532065A38110BDB1F90E10D5
:10E0300000F006B988420DD98B1883420AD900EB4B
:10E04000020CBAB1624613F801CD02F801CD994233
:10E05000F9D170470F2A0ED8034602F1FF3C4AB1AE
:10E060000CF1010C013B8C4411F8012B03F8012F3A
:10E070006145F9D1704740EA01039B0750D1A2F1F5
:10E08000100370B501F1200C23F00F0501F1100E03
:10E0900000F11004AC441B095EF8105C44F8105CFD
:10E0A0005EF80C5C44F80C5C5EF8085C44F8085CB4
:10E0B0005EF8045C44F8045C0EF1100EE64504F1D1
:10E0C0001004E9D1013312F00C0F01EB031102F03F
:10E0D0000F0400EB031327D0043C24F003064FEA9F
:10E0E000940C1E441C1F8E465EF8045B44F8045FCB
:10E0F000B442F9D10CF1010402F0030203EB8403F2
:10E1000001EB840102F1FF3C4AB10CF1010C013B2F
:10E110008C4411F8012B03F8012F6145F9D170BD32
:10E1200002F1FF3C03469BE72246EBE7830730B54D
:10E1300048D0541E002A3FD0CAB2034601E0013C39
:10E140003AD303F8012B9D07F9D1032C2DD9CDB279
:10E1500045EA05250F2C45EA054536D9A4F11002FC
:10E1600022F00F0C03F1200EE6444FEA121C03F1DB
:10E17000100242E9045542E9025510327245F8D1C5
:10E180000CF1010214F00C0F03EB021204F00F0C5F
:10E1900013D0ACF1040323F003030433134442F817
:10E1A000045B9342FBD10CF003042CB1C9B21C44B4
:10E1B00003F8011B9C42FBD130BD64461346002C82
:10E1C000F4D1F9E703461446BFE71A46A446E0E750
:10E1D00040EA01039B0730B501D1032A0FD88446DA
:10E1E00001F1FF3E07E01EF8011F03F8011B541E5A
:10E1F000C1B19C4622466346002AF4D130BD0B468D
:10E200008446194653F8045BA5F1013424EA050459
:10E2100014F0803FE4D1043A032A4CF8045B194619
:10E22000EFD8DDE79444002CE8D003F8011B6345E8
:10E23000FBD130BD014B93F828017047D48EFF1FEE
:10E2400038B5074D0022044608462A60FBF7B8FEA1
:10E25000431C00D038BD2B68002BFBD0236038BD99
:10E2600068D7FF1F38B50C46084D84461146204636
:10E270001A4600232B606446FBF7AEFE431C00D019
:10E2800038BD2B68002BFBD0236038BD68D7FF1F3B
:10E2900038B50C46084D8446114620461A460023E0
:10E2A0002B606446FBF78AFE431C00D038BD2B6808
:10E2B000002BFBD0236038BD68D7FF1F38B5074D52
:10E2C0000022044608462A60FBF762FE431C00D089
:10E2D00038BD2B68002BFBD0236038BD68D7FF1FEB
:10E2E00038B50C46084D8446114620461A46002390
:10E2F0002B606446FBF776FA431C00D038BD2B68D0
:10E30000002BFBD0236038BD68D7FF1F014B186876
:10E31000704700BF6091FF1F70B50D4E0D4D761B0D
:10E32000B61006D0002455F8043B01349847A642A5
:10E33000F9D1094E094D761B07F002FCB61006D044
:10E34000002455F8043B01349847A642F9D170BD2A
:10E350004C5B01004C5B0100605B01004C5B010009
:10E36000704700BF704700BF704700BF704700BFD5
:10E37000FFFFFFFFFFFFFFFFFFFFFFFFFFFFFFFFAD
:10E3800090F800F06DE9024520F007016FF0000CF5
:10E3900010F0070491F820F040F049804FF000049D
:10E3A0006FF00700D1E9002391F840F000F1080078
:10E3B00082FA4CF2A4FA8CF283FA4CF3A2FA8CF3B0
:10E3C0004BBBD1E9022382FA4CF200F10800A4FA17
:10E3D0008CF283FA4CF3A2FA8CF3E3B9D1E904236B
:10E3E00082FA4CF200F10800A4FA8CF283FA4CF3A2
:10E3F000A2FA8CF37BB9D1E9062301F1200182FA5C
:10E400004CF200F10800A4FA8CF283FA4CF3A2FA61
:10E410008CF3002BC6D0002A04BF04301A4612BA6F
:10E42000B2FA82F2FDE8024500EBD2007047D1E972
:10E43000002304F00305C4F100004FEAC50514F001
:10E44000040F91F840F00CFA05F562EA05021CBFD2
:10E4500063EA050362464FF00004A9E7024B13B1DB
:10E46000024800F005B8704700000000B50C01003C
:10E47000002301461A46184602F0BABCF8B5244FEC
:10E480000C460646FFF794FABB685D68C4F57E61EA
:10E490000F3125F003054B1923F47F6323F00F039D
:10E4A000A3F58054B4F5805F07DB00213046FFF709
:10E4B00005FFBB682B44984204D03046FFF77EFA34
:10E4C0000020F8BD61423046FFF7F8FE01300DD064
:10E4D000104ABB682D1B45F001055D60136830468E
:10E4E0001B1B1360FFF76AFA0120F8BD00213046BC
:10E4F000FFF7E4FEBA68831A0F2BDEDD43F0010359
:10E500005360054B03491B68C01A0860D5E700BF7C
:10E51000B88AFF1FF8D5FF1FC08EFF1F002961D0EA
:10E52000F8B50C460646FFF743FA54F8042C7B4F27
:10E53000A4F1080522F0010105EB010CB868DCF834
:10E540000430604523F0030300F08B80D207CCF841
:10E55000043032D454F8082CAD1A1144AA6807F1DB
:10E56000080082426AD00CEB0304D4F804E0EC68A3
:10E57000D4601EF0010FA26000F0978041F001030B
:10E580006B60CCF80010B1F5007F35D27868CB080D
:10E590000122490901338A40024357F833107A6057
:10E5A00007EBC302083AC5E9021247F83350CD60C1
:10E5B0003046BDE8F840FFF701BA0CEB03025268A1
:10E5C000D00710D4194407F10800DCF80830834262
:10E5D00073D0DCF80C20DA60936041F001036B60CB
:10E5E0006950D0E7704741F00103B1F5007F44F86E
:10E5F000043CCCF80010C9D3B1F5206F4FEA512389
:10E6000048D28B0903F1390003F13802C300F8182E
:10E61000FB580838984259D05A6822F003028A42BF
:10E6200002D99B689842F7D1D868C5E90230856065
:10E63000DD603046BDE8F840FFF7C0B90CEB0302DF
:10E640005268D20763D40B44DCE90212CA609160BD
:10E6500043F001026A603046EB50BDE8F840FFF736
:10E66000ADB90B44D10707D454F8082CAD1A1344A4
:10E67000D5E90212CA60916043F001026A60284A3B
:10E68000BD6012689A4293D8264B30461968FFF74E
:10E69000F5FE8DE7142B0AD9542B1FD80B0B03F171
:10E6A0006F0003F16E02C300B1E719448DE703F177
:10E6B0005C0003F15B02C300A9E741F00103C7E975
:10E6C0000455C5E902006B60695071E779689210E2
:10E6D000012404FA02F20A437A60A6E7B3F5AA7F9E
:10E6E00006D8CB0B03F1780003F17702C3008EE765
:10E6F00040F25452934206D88B0C03F17D0003F193
:10E700007C02C30083E74FF47E737E227FE741F0F3
:10E7100001036B60CCF800104AE700BFB88AFF1F06
:10E72000C48EFF1F28D6FF1F82B049B15AB16BB10A
:10E7300013780B601278101E18BF012002B07047CA
:10E7400001A9002AF3D1104602B070476FF0010012
:10E75000F4E700BF436C70B505460C464BB153F867
:10E76000240080B1026843F824200023C0E9033369
:10E7700070BD2122042102F09FFB0346686400283B
:10E78000EDD1002070BD012101FA04F6721D920046
:10E79000284602F091FB0028F3D0C0E90146E4E7E7
:10E7A00031B1436C4A6853F82200086043F82210E4
:10E7B000704700BF2DE9F0410D6907460E461C4623
:10E7C00001F1140E0020DEF800108BB202FB0343AF
:10E7D0004FEA134C090C02FB01CC01309BB203EB56
:10E7E0000C4385424EF8043B4FEA1C44EBDC3CB141
:10E7F000B368AB4207DD06EB850301355C6135612B
:10E800003046BDE8F081716838460131FFF7A2FF5C
:10E810008046A8B13269023206F10C0192000C3038
:10E82000FBF7B4FA7B6C726853F82210316043F83E
:10E830002260464606EB850301355C613561DFE702
:10E84000024B03484246BA2102F016FBAC580100C5
:10E85000C0580100020C12040346CAB90304102078
:10E8600013F07F4F04BF1B02083013F0704F04BF3A
:10E870001B01043013F0404F04BF9B000230002BFB
:10E8800005DB13F0804F00F1010008BF2020704726
:10E890000020E5E7036813F00702014607D0DA0716
:10E8A0001FD4980721D55B080B600120704798B2F0
:10E8B000A0B11046DAB20AB908301B0A1A0704BF21
:10E8C0001B0904309A0704BF9B080230DA0703D4FF
:10E8D0005B0800F1010006D00B6070471B0C102094
:10E8E000E8E700207047202070479B080B6002205B
:10E8F000704700BF38B5436C04460D464BB15868AD
:10E90000B0B102685A6000220123C0E90435C26038
:10E9100038BD2122042102F0CFFA034660640028AA
:10E92000EDD1094B0948002240F2451102F0A4FA4A
:10E930001C220121204602F0BFFA0028F1D001225A
:10E940000223C0E90123DEE7AC580100C0580100F2
:10E950002DE9F04F0E691569AE4285B08846144620
:10E9600005DB2A46234635460C4616469846A368DC
:10E970006168AF19BB42B8BF0131FFF7EBFE0190F0
:10E98000002800F08780019B03F1140909EB870A36
:10E99000D14505D24B46002243F8042B9A45FBD8BB
:10E9A00008F1140808EB860B04F11403D8451A4645
:10E9B00003EB85055FD22B1B153B23F003030433C8
:10E9C0001534A54238BF0423CDE902A7AC461F4643
:10E9D000924605E0090C29D1C34509F1040948D93B
:10E9E00058F8041B8DB2002DF4D056464C46002337
:10E9F00056F8041B22681FFA81FE90B2090C05FB31
:10EA00000E00120C034405FB012202EB13429BB2E1
:10EA100043EA0243B44544F8043B4FEA1243E7D8C3
:10EA200049F8073058F8041C090CD5D0D9F8003043
:10EA300050461A464C4600260588120C01FB05225A
:10EA400016449BB243EA064344F8043B50F8045B87
:10EA500022682D0C93B201FB053303EB164384456A
:10EA60004FEA1346E8D8C34549F8073009F10409CD
:10EA7000B6D8DDE902A7002F02DC05E0013F03D094
:10EA80005AF8043D002BF9D0019B18461F6105B0D0
:10EA9000BDE8F08F034B0448019A4FF4B17102F0C6
:10EAA000EBF900BFAC580100C058010012F003039D
:10EAB0002DE9F0411446064632D10D46A41020D06F
:10EAC000D6F84080B8F1000F33D0E3074FF00007CD
:10EAD00007D4641015D0D8F80000A8B18046E30729
:10EAE000F7D5424629463046FFF732FFB5B169688F
:10EAF000736C641053F821202A6043F821500546B6
:10EB0000E9D12846BDE8F081424641463046FFF74C
:10EB10001FFFC8F8000007608046E0E70546D8E719
:10EB2000013B0F4A52F823200023FFF743FE05461E
:10EB3000C4E701213046FFF70DFE804640B10123B6
:10EB400040F27122C0E90432002330640360BCE764
:10EB5000044B0548424640F2451102F08DF900BFD2
:10EB6000105A0100AC580100C05801002DE9F047CF
:10EB70000C4690462669A368496806EB6216751C28
:10EB80009D4207464FEA621904DD5B009D4201F198
:10EB90000101FADC3846FFF7DDFD8446002851D03C
:10EBA000B9F1000F00F114000EDD09F105024FEA82
:10EBB000820E03460CEB8202002143F8041B9342B1
:10EBC000FBD1AEF114031844216904F1140318F0C9
:10EBD0001F0803EB81012DD0C8F1200986464FF0B4
:10EBE000000A1A6802FA08F242EA0A024EF8042BF6
:10EBF00053F8042B994222FA09FAF2D80B1B153B61
:10EC000023F00303043304F11502914238BF0423B7
:10EC1000BAF1000F18BF2E4640F803A07B6C626863
:10EC2000CCF8106053F822102160604643F822406F
:10EC3000BDE8F087043853F8042B40F8042F9942BC
:10EC4000F9D8EBE7034B044862464FF4EF7102F04A
:10EC500013F900BFAC580100C05801000B6984468D
:10EC60000069C01A15D10CF1140C14310CEB83029D
:10EC700010B401EB830301E0944508D252F8044D2F
:10EC800053F8041D8C42F7D004D24FF0FF3010BC73
:10EC900070477047012010BC704700BF2DE9F84F46
:10ECA0000F691369FF1A002F0E4690467FD101F1BC
:10ECB0001405143202EB830205EB830301E09D424D
:10ECC00078D253F8041D52F8044DA142F7D069D30D
:10ECD0007168FFF73FFD8146002877D03569D8F885
:10ECE0001020C76008F1140E06F1140009F1140A8F
:10ECF00006F110010EEB820200EB850756464FF03D
:10ED0000000C5EF8044B51F804BFA3B21CFA8BFC54
:10ED1000ACEB03034FEA144CCCEB1B4C0CEB234C39
:10ED20009BB243EA0C43724546F8043B4FEA2C4C35
:10ED3000E7D8A2EB0801153908F11508424521F082
:10ED4000030404F1040438BF0424204421F0030226
:10ED500038BF002287425244544418D926460146FF
:10ED600051F8043B1CFA83FC4FEA2C4202EB13429D
:10ED70001FFA8CFC4CEA02438F4246F8043B4FEAF0
:10ED8000224CEDD8013F3F1A27F00307E21923B9BF
:10ED900052F8043D013D002BFAD0C9F81050484606
:10EDA000BDE8F88F334601274646984690E7F9DBE1
:10EDB00000278DE70021FFF7CDFC814668B10122D5
:10EDC0000023C9E904234846BDE8F88F064B0748ED
:10EDD0004A4640F2452102F04FF8034B03484A46A9
:10EDE00040F2372102F048F8AC580100C058010049
:10EDF00070B5012182B016461D46FFF7ABFC0446F4
:10EE000000284AD02B46C5F30A55C3F313030DB1AE
:10EE100043F48013002E019314D101A8FFF73AFDAB
:10EE2000019B636101212030216115B3069BA5F28E
:10EE3000334505441D60079BC0F13500186020462E
:10EE400002B070BD68460096FFF724FD08B3019B31
:10EE50000099C0F1200203FA02F20A43C340019371
:10EE60006261002B14BF02210121A3612161002DE9
:10EE7000DCD104EB8102A0F232431069069A1360E0
:10EE8000FFF7E8FC079BC0EB41101860204602B07A
:10EE900070BDDDE900236261E3E7034B03482246CE
:10EEA00040F20F3101F0E8FFAC580100C0580100FA
:10EEB00049B1FF2A02D80A70012070478A230360F3
:10EEC0004FF0FF3070470846704700BF2DE9F04F04
:10EED000D9B00C460C9190460E93824601F0E6FEA6
:10EEE000036819931846FFF74BFA08221790002180
:10EEF00028A8FFF71BF9A3891F0603D52369002B58
:10EF000000F03F8700232FAA0024CDE92D33CDE95F
:10EF10001A33CDE91C331393189309930023CDE9D9
:10EF200014342C9291464446A046784BD3F8E450D2
:10EF3000FFF780F9034628A80090424624A95046CE
:10EF4000A847002800F0B080C0F2A680249A252AA5
:10EF5000034601D09844E8E7B8EB0407064640F0C2
:10EF6000A78000234FF0FF328DF887309B460B932C
:10EF700008F1010898F8003008922B25202608F1A6
:10EF80000108A3F120025A2A00F2C280DFE812F041
:10EF9000E602C000C000E102C000C000C0006A007C
:10EFA000C000C00008028402C0001302C702C000F3
:10EFB000C2025B005B005B005B005B005B005B0010
:10EFC0005B005B00C000C000C000C000C000C0000B
:10EFD000C0004301C00089011D02430143014301F8
:10EFE000C000C000C000C0001802C000C0009602EF
:10EFF000C000C000C000B101C000A902C000C00034
:10F00000DD06C000C000C000C000C000C000C000DD
:10F01000C0004301C0008901E201430143014301F3
:10F020007702E2017F00C0008902C0005F02DA06B9
:10F0300032027F00C000B1017C00B406C000C000F5
:10F04000B806C0007C00A3F13002002118F8013B93
:10F0500001EB810102EB4101A3F13002092AF5D94C
:10F060000B918EE7504601F021FE43681C93184631
:10F07000FFF786F91D900746504601F017FE83689A
:10F080001A93002F40F0B18598F8003077E798F890
:10F0900000304BF0200B72E70822002128A8FFF770
:10F0A00045F80123984440E7B8EB0407064611D021
:10F0B0002E9B3B442E932D9B0133072BC9E9004720
:10F0C0002D9319DC09F10809099B3B440993002E93
:10F0D0007FF447AF2E9B002B41F001820C9BB3F9CC
:10F0E0000C3013F0400F099B18BF4FF0FF3309930A
:10F0F000099859B0BDE8F08F0C992CAA504602F03F
:10F100004FFF0028EAD10DF1BC09DDE7D48EFF1FC7
:10F110001093002BDED000228DF8FC3001238DF8F7
:10F12000872007930D920A930892129216921192D9
:10F130003FAC1BF0020302D00799023107911BF08C
:10F1400084010F9105D10B9907980F1A002F00F336
:10F1500082832E9E82B10122C9F804202D9A0132A9
:10F1600001360DF18701072A2E962D92C9F800105D
:10F1700000F3BD8309F1080983B12D9B22AA013355
:10F180000236C9F80020072B4FF002022E962D936D
:10F19000C9F8042000F3C08309F108090F9B802BF4
:10F1A00000F08182089B0A9A9F1A002F00F3BC820C
:10F1B0001BF4807F40F01E820A9BC9F804301E4475
:10F1C0002D9BC9F800400133072B2E962D9300F399
:10F1D000378309F108091BF0040F05D00B9B079A30
:10F1E0009C1A002C00F3A483099B0B9A07998A426E
:10F1F000ACBF9B185B180993002E40F0CA82002315
:10F200002D930D9B1BB10D995046FFF787F90DF11A
:10F21000BC09444688E610930E9B073323F0070190
:10F22000F1E80223CDE91423DDE9142323F000459E
:10F230000E9116461046B34B29464FF0FF32FDF7AC
:10F24000AFFD002840F0FC84AE4B304629464FF01D
:10F25000FF32FDF787FD002840F0F284DDE914015C
:10F2600000220023FDF774FD002841F038809DF84E
:10F270008720A54CA54B2BF0800B10994729C8BFC0
:10F280001C46002303210D9307910A9108931293C2
:10F2900016931193002A3FF44CAF079B0133079359
:10F2A00047E7432B109303D01BF0100F00F051855C
:10F2B0000E9E082200212AA83FACFEF737FF2AAB9A
:10F2C00056F8042B2146504602F022FE0346013335
:10F2D0000A9001F0C3820A9B0E9623EAE373079318
:10F2E00000228DF887200D920892129216921192A8
:10F2F0001FE70E9F109357F8044B00238DF88730BB
:10F30000002C00F04D85109B532B00F0D4861BF091
:10F310001003119340F0CF86089B5D1C01F0CC8058
:10F3200011991A46204601F0DBFC0D90002801F0EF
:10F3300051830D9B11999DF887200E971B1B0A93F3
:10F3400023EAE373079373230891129116910D91A9
:10F3500010939FE71BF0200F10930E9B3CD00733B8
:10F3600023F007031A4611465B6851F8082B0E91EB
:10F370001946002BC0F20184089B013300F0A882DB
:10F3800052EA01032BF0800540F0A382089B002B7A
:10F3900040F0A482AB46002308930A9358ACFFE0E8
:10F3A0000E9B53F8042B0B92002A80F20C840B9ACC
:10F3B0000E9352420B9298F800304BF0040BDEE5AE
:10F3C00098F800304BF0080BD9E54BF0100B1BF010
:10F3D000200F10930E9BC2D11BF0100F40F0FE8344
:10F3E0001BF0400F00F0F68333F9042B0E93D11776
:10F3F0000B46BEE70E9B53F8042B0E9347F63003E3
:10F40000ADF888307820424B18934BF0020500216C
:10F41000022310900020089C8DF88700601C00F0EB
:10F42000A88052EA010025F0800B40F0A180002C5A
:10F4300040F09586002BAED115F001030A9300F041
:10F44000C78330238DF85F310DF25F14A8E01BF005
:10F45000200F40F0E5831BF0100F40F086861BF074
:10F46000400F40F07F871BF4007F00F07E860E9BEC
:10F47000099953F8042B0E931170444654E598F8FB
:10F480000030682B03BF98F801304BF4007B08F183
:10F4900001084BF0400B72E598F800308DF887506A
:10F4A0006DE598F800306C2B03BF98F801304BF0F5
:10F4B000200B08F101084BF0100B60E510934BF0A6
:10F4C000100B1BF0200100F04A830E9B073323F042
:10F4D0000703596853F8082B0E932BF4806500231B
:10F4E00098E710934BF0100515F0200100F02883E9
:10F4F0000E9B073323F00703596853F8082B0E932C
:10F50000012387E7FFFFEF7F1C5A010090550100A0
:10F51000245A010098F800304BF0800B2FE541464B
:10F5200011F8013B2A2B01F07F82A3F13002092A56
:10F53000884698BF002101F2768118F8013B01EB63
:10F54000810102EB4101A3F13002092AF5D90891AA
:10F5500017E598F800304BF0010B10E59DF8873067
:10F56000002B7FF491AD98F800308DF8876006E5A8
:10F570005D46012B00F0AD81022B58AC1FD11898CD
:10F5800002F00F031209C35C04F8013D42EA017264
:10F59000090952EA0103F3D158AB1B1BAB460A938E
:10F5A0000A9908989DF8872081424FF00003B8BF60
:10F5B00001460D9307911293169311936AE602F098
:10F5C0000703D20842EA4172C908303352EA010601
:10F5D000204604F8013DF2D1E907DDD5302BDBD020
:10F5E0003023023804F8013C58AB1B1AAB460A938F
:10F5F0000446D5E7109B652B40F3DC80DDE9140160
:10F6000000220023FDF79AFB002800F0C8810123A7
:10F61000C9F804302D9BBD4AC9F8002001330136DA
:10F62000072B2E962D9300F3398509F10809239BAA
:10F63000139A934280F2C282179B199A1E44C9E919
:10F6400000232D9B2E960133072B2D9300F38D83E2
:10F6500009F10809139B5C1E002C7FF7BCAD102C30
:10F660002D9BAB4D40F35585324610270C9E05E08F
:10F6700009F10809103C102C40F34A85013310327F
:10F68000072BC9E90057CDE92D32F1DD2CAA31460F
:10F69000504602F085FC002840F08380DDE92D32E1
:10F6A0000DF1BC09E6E70B9B079A9F1A002F7FF725
:10F6B00079AD102F2D9B964D23DD324626460C9CAE
:10F6C00004E0103F102F09F1080918DD0133103252
:10F6D0001021072BCDE92D32C9F80050C9F80410CC
:10F6E000EFDD2CAA214650460DF1BC0902F058FC72
:10F6F000002856D1103F102FDDE92D32E6DC3446CC
:10F70000164601333E44072BCDE92D36C9F800508B
:10F71000C9F8047000F31685089B0A9A9F1A002FF7
:10F7200009F108097FF744AD102F2D9B784D22DD9C
:10F73000324626460C9C04E0103F102F09F10809C0
:10F7400017DD013310321021072BCDE92D32C9F816
:10F750000050C9F80410EFDD2CAA2146504602F0F3
:10F760001FFCF0B9103F102FDDE92D320DF1BC095F
:10F77000E7DC3446164601333E44072BCDE92D36EF
:10F78000C9F80050C9F8047000F3CD8109F10809E7
:10F790000EE50C992CAA504602F002FC00283FF41A
:10F7A0002EAD0D9B002B3FF499AC0D995046FEF702
:10F7B000B5FE93E4139B012B40F36E812D9FC9F896
:10F7C000004001231F440136072FC9F804302E964C
:10F7D0002D9700F3D98109F10809179B199A013770
:10F7E0001E44072FC9E90023CDE92D7600F3D98106
:10F7F00009F10809DDE9140100220023FDF79EFA52
:10F80000002840F06781139B0137013B01341E44FF
:10F81000072FC9F800402D97C9F804302E9600F341
:10F820004C8109F108091B9BC9F8043001371E44BB
:10F83000072F26ABCDE92D76C9F800307FF7C9AC8C
:10F840000C992CAA504602F0ABFB0028A9D12E9EA1
:10F850000DF1BC09BFE4102FDDE92D212D4D27DD71
:10F86000CDE91E381026D046A2460C9C04E0103F7D
:10F87000102F09F1080916DD01321031072AC9E9F4
:10F880000056CDE92D21F2DD2CAA214640460DF18E
:10F89000BC0902F085FB002840F0F283103F102FD6
:10F8A000DDE92D21E8DC54461E9BC246DDF87C8054
:10F8B000C9F8005001327E18072ACDE92D26C9F873
:10F8C000047000F3CC839DF8872009F1080941E416
:10F8D0005D460A2A71F1000380F02983303201234A
:10F8E0008DF85F21AB460A930DF25F1458E60C9930
:10F8F0001E932CAA504602F053FB00287FF451AF10
:10F900002E9E1E9B0DF1BC0936E400BFC0430100D2
:10F91000645A0100545A01000C992CAA504602F076
:10F920003FFB00287FF43DAF2E9E0DF1BC0935E46E
:10F93000102C2D9BB84D1FDDDDF830B0102704E0F2
:10F94000103C102C09F1080916DD01331036072B85
:10F95000C9E90057CDE92D36F2DD2CAA59465046AB
:10F960000DF1BC0902F01CFB00287FF41AAF103C1B
:10F97000102CDDE92D36E8DC01332644072BC9E9DC
:10F980000054CDE92D367FF72FAC0C992CAA5046A8
:10F9900002F006FB00287FF404AF2E9E24E4239996
:10F9A000002940F32783119D139B9D42A8BF1D464C
:10F9B000002D0BDD2D9B01332E44072BC9E900459B
:10F9C0002E962D9300F3DD8609F10809119F002D75
:10F9D000A8BF7F1B002F00F3F481119B1BF4806FE5
:10F9E00023440A9340F01482239B139A934203DB2F
:10F9F0001BF0010F00F0A584179A19991644C9E964
:10FA000000122D9A2E960132072A2D9200F3C686F7
:10FA100009F10809139AA518D41A0A9BED1AA542F0
:10FA2000A8BF2546002D0DDDC9F800302D9BC9F873
:10FA3000045001332E44072B2E962D9300F3BE86DF
:10FA400009F10809002DA8BF641B002C7FF7C3AB88
:10FA5000102C2D9B714D40F35C83324610270C9E79
:10FA600005E009F10809103C102C40F351830133E3
:10FA70001032072BC9E90057CDE92D32F1DD2CAA50
:10FA80003146504602F08CFA00287FF48AAEDDE958
:10FA90002D320DF1BC09E6E71BF0010F7FF48EAEAD
:10FAA0002D9FC9F8004001231F440136072FC9F8D4
:10FAB00004302E962D977FF7B4AE0C992CAA5046A1
:10FAC00002F06EFA00287FF46CAEDDE92D760DF1C0
:10FAD000BC09A8E6139B5C1E002C7FF7A4AE102C7B
:10FAE0004E4D40F34C83324610230C9E05E009F145
:10FAF0000809103C102C40F3418301371032072FC6
:10FB0000C9E90053CDE92D72F1DD2CAA31465046EA
:10FB100002F046FA00287FF444AEDDE92D720DF1C3
:10FB2000BC091023E5E70C992CAA504602F038FADC
:10FB300000287FF436AE2E9E0DF1BC09FFF738BBCE
:10FB400015F0100360D115F0400200F073830E9899
:10FB500050F8042B0E90194692B201235AE41BF080
:10FB6000100368D11BF0400200F056830E9850F845
:10FB7000042B0E90194692B2AFE4524261EB410160
:10FB80005D462D20012346E40C992CAA504602F034
:10FB900007FA00287FF405AEDDE92D760DF1BC09EA
:10FBA0001BE60C992CAA504602F0FAF900287FF4C3
:10FBB000F8ADDDE92D760DF1BC091BE61BF0010F58
:10FBC0003FF409AB38E50E9398F80030FFF7D7B94A
:10FBD00058ACE5E41BF4007F40F0BD8353F8042BE0
:10FBE0000E93D1170B46FFF7C4BB1A9B002B3FF4B3
:10FBF0004BAA1A9B1B78002B3FF446AA98F80030BA
:10FC00004BF4806BFFF7BBB90E9B53F8042B0E939C
:10FC10000123FFF7FFBB00BF545A0100645A0100E3
:10FC20000E9B099853F8041B0E93C217C1E90002FA
:10FC30004446FFF779B90E9B53F8042B0E934CE41E
:10FC4000DDE9140102460B46FDF7AAF8002840F052
:10FC50007586109B612B00F05B85412B00F0AC8515
:10FC6000089B0133109B23F02003079300F063846B
:10FC7000472B04D1089B002B08BF01230893DDE923
:10FC800014010A46002A4BF48073CDF83CB0C0F250
:10FC9000E1859B46002316461E9307460D93109B55
:10FCA000413B252B00F26783DFE813F05204650324
:10FCB0006503650349044E04650365036503650335
:10FCC00065036503650365036503650365036503F4
:10FCD00065036503650365036503650365036503E4
:10FCE00065036503650365036503650365036503D4
:10FCF0006503650349044E0410935D46FFF7F4BBAA
:10FD00001093B74B18931BF0200100F0FC800E9B62
:10FD1000073323F00703596853F8082B0E931BF0A1
:10FD2000010F0AD052EA010307D0109B8DF88930E9
:10FD300030234BF0020B8DF888302BF480650223C2
:10FD4000FFF768BB1093FFF7BCBB1093A54B18934C
:10FD5000D9E70E9B012153F8042B07918DF8FC2065
:10FD60000E930A913FACFFF7BBBA0C992CAA5046F0
:10FD700002F016F900287FF414AD2E9E0DF1BC0997
:10FD800068E440215046FDF763FB0C9B1860186146
:10FD9000002800F060860C9A40235361FFF7B2B848
:10FDA000089B0D94062B214628BF06230894224663
:10FDB00007938D4C0E970A93129116911191FFF7AC
:10FDC00069BA102F2D9B894D40F345823246264655
:10FDD0000C9C05E009F10809103F102F40F339820F
:10FDE000013310321021072BCDE92D32C9F8005014
:10FDF000C9F80410EEDD2CAA2146504602F0D0F8D6
:10FE000000287FF4CEACDDE92D320DF1BC09E3E72B
:10FE1000139B0A9DCDF83C804A46DDF85890CDF8FA
:10FE200028B0E31808931A9FDDF874B0DDF830802D
:10FE3000129B10943146B9F1000F2ED083BB013FC5
:10FE400009F1FF391C9BC2E9003B2D9B013359444A
:10FE5000072B2E912D935FDC0832089B38785B1BB3
:10FE60008342A8BF0346002B1E460BDD2D980130B0
:10FE700019440728C2E900532E912D9000F35681B2
:10FE800038780832002EACBF841B0446002C0BDCF3
:10FE90000544129BB9F1000FD0D1002B00F0D483A0
:10FEA000129B013B1293CDE7102C2D981DDD1026DF
:10FEB00004E0103C102C02F1080216DD01304B4B1F
:10FEC00010310728C2E90036CDE92D01F1DD2CAA59
:10FED0004146504602F064F800287FF462AC103CC2
:10FEE000102CDDE92D012FAAE8DC01303F4B5460D6
:10FEF00021440728CDE92D01136000F3FB833878F6
:10FF000008320544C5E71BF0100300F0BC800E9BCF
:10FF100053F8042B0E9302E72CAA4146504602F0F8
:10FF20003FF800287FF43DAC2E992FAA95E7CDF835
:10FF300034902F4BDDF86890CDF81C8005F4806775
:10FF40004FF0000C58AC4FF0CC3B0A9505E00A2A64
:10FF500071F1000134D342463146501840F100009F
:10FF6000A3FB005626F0030505EB9605401B151A6A
:10FF700061F1000E0BFB05F603FB0E66A5FB038586
:10FF80002E4408F0010E0525AEFB055E2D184FEA44
:10FF90005808303504F8015C48EAC6780CF1010CC9
:10FFA000013C7608002FD2D099F800008445CED1CC
:10FFB000BCF1FF0FCBD00A2A71F1000180F09881CB
:10FFC0000A9DCDF8689058AB1B1BDDF81C80DDF84E
:10FFD0003490CDF84CC0AB460A93FFF7E1BA00BFAE
:10FFE000245A0100385A01004C5A0100645A010099
:10FFF000CDCCCCCC0123C9F804302D9BBA4AC9F82A
:020000021000EC
:10000000002001330136072B2E962D9300F38C81AF
:1000100009F10809002940F0BE80139A0BF0010392
:1000200013433FF4D8A8179B19999A19C9E90013EB
:100030002D9B2E920133072B2D9300F36E8209F135
:1000400008091399C9F8004001338E18072BCDE930
:100050002D36C9F804107FF7BCA8FFF7F1BB0C9947
:100060001E932CAA504601F09BFF00287FF499AB09
:100070009DF887202E9E1E9B0DF1BC09FFF76AB8E4
:10008000C246FFF78EBB1BF0400200F0B8800E980E
:1000900050F8042B0E90194692B240E60C992CAA07
:1000A000504601F07DFF00287FF47BAB2E9E0DF1C2
:1000B000BC09FFF7BCBA2AAE0822002130462594BD
:1000C000FEF734F8089B5A1C00F0D4800025CDF8C8
:1000D0001C80CDF834B0A8469B460CE03FA95046A2
:1000E00001F016FF431C404400F0B883584508DC7B
:1000F00000F035848046259A525933460435002A4B
:10010000ECD1CDF82880DDF834B0DDF81C80BEE0FD
:10011000164601332644072BC9F80050C9F804409D
:10012000CDE92D367FF755A8FFF78ABB2CAA4146AB
:10013000504601F035FF00287FF433AB38782E9914
:100140002FAA9FE60C992CAA504601F029FF0028FF
:100150007FF427AB2E9E0DF1BC09FFF723B8012BCE
:100160005D467FF409AAFFF7B9BB0E9B099953F8C6
:10017000042B444611600E93FEF7D6BE1646013797
:100180002644072FCDE92D76C9F80050C9F8044060
:100190007FF747AB91E4179B19989A19C9E90003B7
:1001A0002D9B2E920133072B2D9300F3B68109F17D
:1001B00008090029BFF645AF4F4210314B4D80F280
:1001C000888349461026A1460C9C04E00831103F64
:1001D000102F40F37C8301331032072BC1E9005606
:1001E000CDE92D32F2DD2CAA2146504601F0D8FE91
:1001F00000287FF4D6AADDE92D322FA9E7E70E9B70
:100200001BF400711ABF114653F8042B53F8042B4A
:100210000E9318BFD2B282E50E9B1BF400711ABF79
:10022000114653F8042B53F8042B0E9318BFD2B287
:10023000FFF753B90E9B15F400711ABF114653F81E
:10024000042B53F8042B0E9318BFD2B20123FFF7EF
:10025000E1B83446164601333E44072BCDE92D362E
:10026000C9F80050C9F8047000F34A8109F108097F
:10027000FFF7B3BB00231946009625AA504601F0AC
:100280006DFE034601330A9000F0E88225940A9B34
:10029000002B3DD0632B00F3298100230D933FAC4D
:1002A000082200213046FDF741FF0A9D00962B46AB
:1002B00025AA2146504601F051FE854240F0C483F4
:1002C0000A990E970023635421EAE1719DF8872073
:1002D00008930791129316931193FEF7DBBF2D221B
:1002E0008DF88720FEF7C5BFC0430100645A0100A6
:1002F0001D9B1C99E41A1A462046FDF769FF99F8E0
:100300000120A54B0AB109F101094FF0000C22E6CA
:100310000A9B9DF887200E97CDE907331293169319
:1003200011930D93FEF7B6BF0C992CAA504601F01D
:1003300037FE00287FF435AA23992E9E0DF1BC09C3
:1003400068E6139A0A99A5186D1AD41AA542A8BF8F
:100350002546FFF777BB13F9042B0E93D1170B46F5
:10036000FFF707B80E9B099953F8042B0E931180E1
:100370004446FEF7D9BD089B0A9302232AA904919B
:1003800025A90A9D039123A900933A463346019576
:100390000291504600F060FE079B472B044600F098
:1003A000A381462B054405D10378302B00F0B88299
:1003B000239B1D443846314600220023FCF7BEFC37
:1003C000002800F066812B461B1B1393079B472BCD
:1003D00000F04A81079B462B00F00082239B11937B
:1003E000119B079A013B412A239300F023829DF839
:1003F00040200021002BB8BF119B8DF89820BABF78
:10040000C3F101032D222B22092B8DF8992040F3F3
:100410004F820DF1AF05614E2A46104686FB03213F
:10042000DA17C2EBA10202EB8201A3EB41013031EA
:1004300000F8011C19466329134600F1FF32ECDC79
:100440003033D9B2831E9D4202F8011C40F2E9828A
:1004500013460DF19A0201E013F8011B02F8011B8B
:100460009D42F9D10DF1B1030DF19A021B1A13440B
:1004700026AA9B1A1B93139B1B9A012B1A440A92C0
:1004800040F349820A9B179A13440A930F9B0A9AD6
:1004900023F4806343F4807B22EAE2720023129308
:1004A0000792169311931E9B002B40F0EB809DF852
:1004B00087200893FEF7EEBE20460E97FDF760FFFB
:1004C000119B089320EAE071129316930D93732306
:1004D0009DF887200A9007911093FEF7DBBE0C99D8
:1004E0002CAA504601F05CFDFEF7F8BD591C5046A1
:1004F000FCF7AEFF0446002800F0B0810D90CFE677
:100500000C992CAA504601F04BFD00287FF449A914
:100510002E9E0DF1BC09FFF760BA0C992CAA50462B
:1005200001F03EFD00287FF43CA9DDE92D3223993E
:100530000DF1BC093DE606230893FFF7A0BB089B1D
:1005400001330A93022319E7089B0A93032315E753
:100550003846314623AA00F013FC00224FF07F53A7
:1005600003F0BAF90022002306460F46FCF7E6FB2B
:1005700008B1012323930A4B0A93089BCDF84C90B2
:10058000013BCDE9118B2546DDF828B0CDF858A008
:1005900098461F940DE000BFCDCCCCCC6766666654
:1005A000385A01000022002308F1FF38FCF7C6FB8F
:1005B000E8B9AE4B00223046394603F08DF90F46BC
:1005C000064603F09BFB0446FCF7F8FA0B4602468E
:1005D00039463046FCF7A4F91BF80430B8F1FF3F68
:1005E000AA46C14605F8013B06460F46DAD1A04BA4
:1005F000002230463946DDE9118BCDF84490DDF814
:100600004C90CDE912A4DDF858A01F9CFCF7BEFB6E
:10061000002840F03181964B304639460022FCF7E5
:100620008DFB18B1139BDE0700F12681119B002B77
:1006300007DB119B01332B44302205F8012BAB4221
:10064000FBD12B1B1393C1E6109C139BDDF828B044
:10065000DDF83C801A97E3189D4228BF1D4691465D
:100660000E460A95FFF7C0B9239B1193DD1C02DBF0
:10067000089A934219DD109B023B109323F020034C
:100680000793ADE62D2200238DF887200893FEF70F
:1006900004BE2A9BAB42BFF497AE30215A1C2A926B
:1006A00019702A9B9D42F9D88EE6119B139A9342AA
:1006B000C0F2C5800F9B13F0010F119B00F04D811C
:1006C000179A13440A930F9B590503D5119B002BCE
:1006D00000F356810A9B23EAE37307936723109381
:1006E000002312931693DEE60F9BDB0700F19F8039
:1006F0002A9B69E62CAA4146504601F051FC00288D
:100700007FF44FA838782E992FAA0544FFF7C1BB74
:1007100078238DF8893030238DF888304BF0020330
:100720000F93089B632B00F3ED8000230D933FACE8
:10073000DDE914121346002B4BF4817B67DB1E4668
:10074000109B23F02003079300230F461E93109B5A
:10075000612B7FF4A4AA3846314623AA00F010FB8F
:1007600000224FF07F5303F0B7F800220023064623
:100770000F46FCF7E3FA08B1012323933D4B0A939C
:10078000FBE60C992CAA504601F00AFC00287FF4E5
:1007900008A82E9E0DF1BC09FFF718B90C992CAAD8
:1007A000504601F0FDFB00287EF4FBAF239B2E9EFC
:1007B0000DF1BC09FFF72EB95823AAE70C992CAA12
:1007C000504601F0EDFB00287EF4EBAF239C139B19
:1007D0002E9E1C1B0DF1BC09FFF734B9239A0F9B09
:1007E0001192002A03F0010340F3088108990B439A
:1007F00040F0FD80119B0A93662310930F9B5A05CE
:1008000000F1C0800A9B23EAE373079368E7109B1B
:1008100023F020030793DDE9142303F100462D2381
:1008200017461E9393E700220892FEF7AABB0A9D83
:100830002544BFE5109A0F32D2B20121DAE5139BAD
:10084000179A9A18119B0A92002B40F38F80672306
:100850001093D3E79B4600230D93DCE70C9AB2F983
:100860000C3043F040039381FEF73BBC0000304066
:100870000000E03F245A0100129B0A9A2A93D17B80
:1008800015F8013C8B422A4609D1302002F8010CB0
:100890002A9A531E2A9312F8013C9942F6D0392B1A
:1008A0000BBF0A9B01339B7ADBB202F8013CC8E61E
:1008B000002940F08C8030228DF89A200DF19B02A7
:1008C000303302F8013B26ABD31A1B93D3E54C46D9
:1008D000894601333A44072BCDE92D32C9F800503F
:1008E000C9F804707FF7ABAB0C992CAA504601F005
:1008F00057FB00287EF455AFDDE92D320DF1BC0920
:10090000FFF79FBB591C5046FCF7A2FD0446002888
:10091000A4D00D900CE70F9BD8077FF5B7ADB1E5DC
:100920003846314600220023FCF708FA00287FF4FD
:100930003FAD0A9BC3F1010323933AE5159B4A4C53
:10094000002BB4BF2D229DF88720484BB8BF8DF8EF
:1009500087202BF0800BFEF790BC0A93B3E6089B30
:10096000DDF81C80DDF834B00A9390E4C3F1010394
:100970001A4422EAE273079367230A921093AFE6C0
:10098000672310931A990B78FF2B59D00025119AE1
:10099000284603E001300131FF2B08D0934206DAEC
:1009A000D21A4B78002BF5D10B780135F4E7119270
:1009B0001A9116901295129A169B1D9913440A9A31
:1009C00001FB03230A9323EAE37307936BE50DF11D
:1009D0009A0275E7089B07930A9373239DF8872073
:1009E0000E970890129016901093FEF753BC179B29
:1009F000D518294466230A911093FFE6089A1343F9
:100A000005D101236622079310920A9368E6179B8B
:100A10005D1C2A4422EAE273079366230A9210932C
:100A20005EE602231B9326E50E9A98F8013088466D
:100A300052F8041B0E9241EAE1710891FEF79FBA49
:100A4000002312931693B6E70C9A938943F0400360
:100A50009381FEF7A6BE0C23CAF800304FF0FF3397
:100A60000993FEF745BB00BF205A01008C550100D9
:100A700070B500294BD006460C4610B1436B002BD5
:100A800048D0636ED80734D5B4F90C30002B3ED073
:100A90002146304600F050F8E36A054633B1E1697B
:100AA000304698470028B8BF4FF0FF35A3891A0693
:100AB0003CD4216B41B104F14003994202D030464D
:100AC000FDF72CFD00232363616C21B13046FDF757
:100AD00025FD00236364FDF717FA636E0022DB0730
:100AE000A2811FD5A06DFDF73DFCFDF713FA284646
:100AF00070BDA3899905CBD4A06DFDF735FCB4F981
:100B00000C30002BC4D1656E15F0010505D0002511
:100B1000284670BDFDF7DAF9B3E7A06DFDF726FCB6
:100B2000284670BDA06DFDF721FCDBE7216930464A
:100B3000FDF7F4FCBDE700BFB1F90C20F8B50C4699
:100B40001107074642D4636842F40062002BA28179
:100B500059DDA56A002D54D000233E683B6093B256
:100B600012F4805253D1E16901233846A847421C50
:100B700063D0A389A56A5B0705D56368C01A236B98
:100B80000BB1E36BC01AE169024600233846A8475F
:100B9000411C3ED13B68002B3BD01D2B01D0162BB6
:100BA00052D1A3892269226023F40063002161608D
:100BB000A381216B3E6021B304F14003994202D02E
:100BC0003846FDF7ABFC00202063F8BD2669C6B1AE
:100BD00093B2256826609A070CBF63690023AD1B9A
:100BE000A3600CE0D4F824C0E1692B4632463846B5
:100BF000E047B0F1000CA5EB0C05664416DD002DB6
:100C0000F0DC0020F8BDE36B002BA2DCF9E7206DDF
:100C1000B1E7B4F90C302269226023F40063A381A8
:100C20000022DB046260C4D52065C2E7A38943F0DB
:100C300040034FF0FF30A381F8BD3B68002B98D0F4
:100C40001D2B06D0162B04D0A38943F04003A381AB
:100C5000F8BD3E60D5E700BF38B50C46054608B183
:100C6000436B03B3B4F90C0088B1636EDB0701D4A6
:100C700081050FD528462146FFF75EFF636EDA0730
:100C8000054602D4A3899B0508D5284638BD0546EC
:100C9000284638BDA06DFDF767FBEBE7A06DFDF7BB
:100CA00065FB284638BDFDF711F9DBE700487047C2
:100CB000C48FFF1F38B5074D074C2C1BA41005D05F
:100CC000013C55F8043D9847002CF9D1BDE8384067
:100CD00004F046BF0000000000000000FFFFFFFF1F
:100CE00001F0FF01102A2BDB10F0070F08D010F8DD
:100CF000013B013A8B422DD010F0070F42B3F6D1E1
:100D0000F0B441EA012141EA014122F007047FF0F9
:100D100000070023F0E80256083C85EA010586EA50
:100D2000010685FA47F5A3FA87F586FA47F6A5FA8C
:100D300087F68EB9EED1F0BC01F0FF0102F0070298
:100D400032B110F8013B013A83EA010313B1F8D143
:100D50000020704701387047002D06BF3546033824
:100D6000073815F0010F07D1013015F4807F02BF5D
:100D7000013015F4C03F0130F0BC0138704700BFAE
:100D8000DFF860C0F8B521F0004300276345044652
:100D90000D461646176022DC844653EA0C0C1ED022
:100DA000DFF844C001EA0C0C0A46BCF1000F09D17F
:100DB0000E4B002202F090FD6FF0350704460A4604
:100DC00021F0004322F0FF421B1522F4E002A3F2BF
:100DD000FE3342F07F553B4445F400153360204616
:100DE0002946F8BDFFFFEF7F0000F07F0000504371
:100DF0002DE9F047DFF874A00646DAF800009846BF
:100E00000F469146FDF7B0FA194B1C6824B365688C
:100E10001F2D24DC5EB96B1C0235DAF8000063601C
:100E200044F82570FDF7A2FA0020BDE8F08704EB36
:100E300085010123C1F88890D4F88821AB401A437A
:100E4000022EC4F88821C1F80881E4D1D4F88C219D
:100E50001A43C4F88C21DEE7064C1C60D7E7DAF8A9
:100E60000000FDF783FA4FF0FF30DEE76491FF1FCB
:100E700078D7FF1F7CD7FF1F00B50B4C25681446A1
:100E8000EE681A4685B003460D464CB107490095F9
:100E9000CDE901143046064901F06EF8F9F7A0F8E3
:100EA00004490C46F3E700BF6091FF1F745A01002C
:100EB000845A01001044010038B5A1FB02148CBB18
:100EC000FCF7C6FA0546E0B150F8042C22F0030204
:100ED000043A242A17D8132A1AD91B2AC0E9004435
:100EE0001DD9242A14BF00F1100200F118024FF09E
:100EF0000003C0E9024404BF04614461C2E9003355
:100F00009360284638BD2146FDF710F9284638BDC4
:100F100002460023C2E900339360284638BD00F141
:100F20000802F6E7FDF7F2F90C2300250360E8E775
:100F30002DE9F04F03690C69A34283B0C0F28880A9
:100F4000013C01F11405A30000F11408009355F8C9
:100F5000243058F8242001338A469A4208EB840151
:100F6000814605EB84070191B2FBF3F63AD34FF0CB
:100F7000000CAE464046624663465EF804BB01681C
:100F80001FFA8BFC06FB0C334FEA134C4FEA1B4B4A
:100F900006FB0BCC9BB2D31A1FFA8CF213FA81F327
:100FA000C2EB114202EB23429BB243EA0243774574
:100FB00040F8043B4FEA22424FEA1C43DDD2009B3B
:100FC00058F8033073B9019B043B984504D307E0FC
:100FD000984504F1FF3403D253F80429002AF7D0CE
:100FE000C9F8104051464846FDF738FE00282BDB73
:100FF00001364146002355F8040BD1F800C082B2F7
:101000009A1A030C12FA8CF2C3EB1C4303EB224333
:1010100092B242EA0342AF4241F8042B4FEA234323
:10102000E9D258F8242008EB84036AB9043B9845B8
:1010300004D307E0984504F1FF3403D253F80429A0
:10104000002AF7D0C9F81040304603B0BDE8F08F51
:10105000002003B0BDE8F08F2DE9F04F816B99B00F
:1010600090469946CDE90489259D044641B1C26B5D
:101070004A60012393408B60FDF792FB0023A3633A
:10108000B9F1000AB4BF012300232B60764BBCBF2B
:101090002AF0004ACDF814A033EA0A0300F0AB802E
:1010A000DDE904231046194600220023CDE90A0198
:1010B000FBF744FE074678B1249A01231360269B70
:1010C000002B00F0AE83694B269A1360013B03931B
:1010D000039819B0BDE8F08F16AB019317AB0093DE
:1010E0002046DDE90A23FDF783FE5FEA1A5605462E
:1010F00040F09780DDE916763E4406F23243202B1D
:1011000040F3A683C3F140030AFA03FA06F212433E
:1011100028FA03F04AEA0000FBF740FD0123013EF4
:10112000A1F1F8710F93524B0022FBF7F9FB48A392
:10113000D3E9002302F0D0FB47A3D3E90023FBF758
:10114000F1FB804630468946FBF738FD44A3D3E9DE
:10115000002302F0C1FB02460B4640464946FBF71E
:10116000E1FB8046894602F0C9FD00228346002348
:1011700040464946FBF7ECFD002840F04583BBF1B3
:10118000160F00F234833B4B03EBCB03D3E9002370
:10119000DDE90A01FBF7DCFD002871D00023BF1B4D
:1011A0000E937B1E0BF1FF3B069300F12783002378
:1011B0000993BBF1000F6ADA099BCDF81CB0A3EBD1
:1011C0000B030993CBF100030D93229B092B4FF0E6
:1011D000000B65D8052B40F33983043B229300268E
:1011E000229B023B032B00F26786DFE813F04E04DC
:1011F0004B0442042504249ACAF3130A42F20F73E3
:101200005AEA080A13601AD1269B002B00F0638665
:10121000194B03930833269A0398136019B0BDE85D
:10122000F08FDDE90A12C2F31303084643F07F5141
:101230000F97A6F2FF36169F41F4401173E7269BE5
:10124000002B40F0DB830D4B039341E7AFF30080AD
:1012500061436F63A787D23FB3C8608B288AC63FBC
:10126000FB799F501344D33F0000F07FC14301003E
:101270000000F83F48590100B45A0100C05A01006B
:10128000BF1B7B1E069300F17E840E900990069B87
:101290005B44CDE9063B00230D93229B092B99D992
:1012A0000023CDE9223301264FF0FF330C9608933B
:1012B000089B12930021E1632046FDF74BFA03904F
:1012C000002800F00186039BA363089B0E2B00F20D
:1012D0001381002E00F010810799002940F35584F6
:1012E000AE4B01F00F0203EBC2034FEA2118C90510
:1012F000D3E9006740F11184A94BDDE90A01D3E984
:10130000082302F013FCCDE9100108F00F084FF09C
:10131000030AB8F1000F13D0DFF8849218F0010F20
:1013200009D030463946D9E9002302F0D5FA0AF14E
:10133000010A06460F465FEA680809F10809EDD17F
:10134000DDE9100132463B4602F0F0FB804689465B
:101350000E9B43B1934B002240464946FBF7F8FCF5
:10136000002840F02A855046FBF728FC42464B46B1
:1013700002F0B2FA8C4B0022FBF7D4FAA1F15073C1
:10138000CDE910011193089B002B00F09980079B79
:101390001493089B13930C9B002B00F0A584139AC5
:1013A0007E4B8249039E03EBC20353E902230020D4
:1013B00002F0BCFBDDE91023FBF7B2FACDE9100126
:1013C0004946404602F09AFC0746FBF7F7FB024607
:1013D0000B4640464946FBF7A3FA3037804689461C
:1013E00002460B4606F8017BDDE91001FBF7CEFC57
:1013F000002840F02785CDF854B00027DDE910AB78
:101400001095139D13942AE00137AF4280F22A858C
:10141000674B50465946002202F05EFA644B0022A8
:1014200082468B464046494602F056FA8946804637
:1014300002F064FC0446FBF7C1FB02460B46404643
:101440004946FBF76DFA303406F8014B52465B46CD
:1014500080468946FBF77CFC002840F0F184424638
:101460004B4650490020FBF75BFA52465B46FBF7C0
:101470006FFC0028C8D0DDE91343109D039A079341
:1014800002E0B24200F0C684B14616F8013D392BA5
:10149000F7D00133DBB23370079B0133079392E13E
:1014A0005046FBF78BFB42464B4602F015FA3E4B8B
:1014B0000022FBF737FAA1F15073CDE91001119327
:1014C0003C4B404649460022FBF72AFADDE91089E9
:1014D00042464B4606460F46FBF758FC824600281C
:1014E00040F0A884424609F1004330463946FBF7F4
:1014F0002FFC002840F04583179B002BC0F28C8006
:10150000079A0E2A00F38880244B03EBC203D3E929
:1015100000AB239B002B1BDA089B002B18DC40F050
:101520002E83244B50460022594602F0D5F902463C
:101530000B46DDE90A01FBF715FCDDF820A0564655
:10154000002800F0B982239BDDF80C80DF43BBE26A
:10155000DDE90A7852465B463846414602F0E6FA33
:1015600002F0CCFB81460990FBF728FB52465B4614
:1015700002F0B2F9039E0B46024641463846FBF79D
:10158000CFF909F1300306F8013B089B012B00F06D
:101590005C830694012704951C462AE04859010003
:1015A000205901000000F03F00001C400000E03F17
:1015B000000024400000144052465B464046494625
:1015C00002F0B4FA02F09AFB0546FBF7F7FA52462E
:1015D0005B4602F081F901370B4602464946404618
:1015E000FBF79EF905F13003A74206F8013B00F036
:1015F0002983A54B002202F06FF9002200238046C8
:101600008946FBF79BFB0028D6D0049D069C079BD0
:1016100001330793B146D6E00C9A002A00F0078107
:10162000229A012A40F39482089B03F1FF380D9B14
:10163000434580F25E820D9BCDF83480A8EB030316
:101640009B444FF00008089B002BC0F22F83069AA2
:101650001A440692099A17461A4409920121204613
:10166000FDF748F9064667B1069900290B4608DDE3
:10167000099AB942A8BF3B46D21AFF1ACB1A09925F
:1016800006930D9B63B10C9B002B00F0B682B8F162
:10169000000F00F331820D9BB3EB080240F016837C
:1016A00001212046FDF726F9BBF1000F824600F329
:1016B000D480229B012B40F3A7814FF00009012029
:1016C000BBF1000F40F0D580069B184410F01F00BE
:1016D00000F09881C0F12003042B00F3AD8040F0AE
:1016E0002482099B002B05DD29461A462046FDF77A
:1016F0003DFA0546069B002B05DD51461A4620465D
:10170000FDF734FA82460E9B002B40F05C81089B6B
:10171000002B40F343810C9B002B40F0C680079BBD
:1017200001330793DDF80C80DDF82090012707E0F6
:10173000294600230A222046FDF73CF801370546DA
:1017400051462846FFF7F4FBB94500F1300308F88D
:10175000013BEDDC089A002AC8BF9346039AD8BF24
:101760004FF0010B934400272946012220460493A1
:10177000FDF7FCF951460546FDF770FA002840F3E5
:10178000DC811BF8013C039A0BF1FF3B04E05A4556
:1017900000F0EE811BF8013D392B0BF10109F6D069
:1017A00001338BF8003051462046FCF7F9FF56B163
:1017B0002FB1B74203D039462046FCF7F1FF31463E
:1017C0002046FCF7EDFF29462046FCF7E9FF002301
:1017D00089F80030249B079A1A60269B002B3FF45F
:1017E00077AC0398C3F8009019B0BDE8F08F0123DF
:1017F000BF1B0E937B1E06937FF5D9ACC7F1010387
:10180000099300230693D4E45846FBF7D7F94246E0
:101810004B46FBF793FA00287FF4B1AC0BF1FF3B8A
:10182000ADE41A4B0393039819B0BDE8F08FDDF8CF
:101830003480099F0C9E16E7C0F11C00099B0344ED
:101840000993069B0344074406934AE70126C7E42D
:10185000C3F1200308FA03F05EE401465A4620462D
:10186000FDF724F9229B012B824640F3BA814FF009
:101870000009DAF810300AEB83031869FCF7EAFF75
:10188000C0F1200020E700BF00002440C043010059
:10189000314600230A222046FCF78CFF129B002BC6
:1018A000064640F3F382CDE90783002F00F31A8147
:1018B000B9F1000F40F0E381B046049B039F089903
:1018C00003F001027B1E1944229B0C9213430991E1
:1018D0000A9351462846FFF72BFB3146834628469C
:1018E000FDF7BCF94246514681462046FDF7D6F940
:1018F000C26801460BF13003002A42D10690284607
:101900000893FDF7ABF9069904902046FCF748FFD1
:10191000049A089B1AB90A99002900F0A982B9F122
:10192000000FC0F27181229949EA01090C9951EA2C
:10193000090900F06981002A00F3BC81099A3B7013
:1019400007F101099742CB4600F0BA8129460023EE
:101950000A222046FCF72EFF4645054631464FF049
:1019600000034FF00A02204612D0FCF723FF414645
:10197000064600230A222046FCF71CFF4F468046FD
:10198000A7E720460493FCF70BFF049B0122C6E760
:10199000FCF710FF4F46064680469AE7229B022B33
:1019A00079DC0C9B002B80D1079B514601332846E4
:1019B0000793FFF7BDFADDF80CB000F130030BF828
:1019C000013B0027D0E651462846FDF747F900289D
:1019D000BFF69DAE294600230A222046FCF7EAFE08
:1019E000079B03F1FF380C9B0546002B7FF450AF9B
:1019F000129B002B40F34382089393E6B64B03936C
:101A0000033308E41C2019E7DDE9041200297FF400
:101A100054AEC2F31303002B7FF44FAEAF4B134011
:101A2000002B00F00B82099B01330993069B0133C5
:101A300006934FF0010942E601230C93239B079A7A
:101A4000134412930133012B1F460893B8BF01279B
:101A50000021172FE1637FF72FAC012204235B00E5
:101A600003F11400B842114602F10102F7D9E16313
:101A700022E401230C93239B002B59DD129308933E
:101A80001F46E5E700230C93D8E700230C93F2E709
:101A9000129BCDE90783089B002B7FF454AD514680
:101AA00005222046FCF786FE014682462846FDF7C1
:101AB000D5F800287FF747AD039B079F3122984652
:101AC00003F8012B0137039351462046FCF768FECB
:101AD0007B1CDDF80C900793CDF80C80002E7FF472
:101AE0006EAE70E631463A462046FDF73FF80646B0
:101AF000DEE6A3EB0808A6E5314642462046FCF7A1
:101B0000D5FF2A46014606462046FCF721FF294616
:101B100005462046FCF744FEBDE5DDE90A234FF00B
:101B2000020ACDE91023FFF7F4BBC0F13C0085E6C3
:101B3000012323930893FFF7BBBB03D1049BDB076F
:101B40003FF51FAED9461BF8013D302BFAD02AE6EF
:101B50000F9A002A00F02D8103F23343069ADDF834
:101B600034801A440692099A17461A44099275E578
:101B7000079B039A013307933123137013E64FF049
:101B8000000A5646DFE40E9038E600F03D81079AE1
:101B9000534B564206F00F0203EBC203D3E9002376
:101BA000DDE90A0101F098FE36118046894600F011
:101BB00078814C4F00234FF0020AF20706D5D7E98F
:101BC000002301F089FE0AF1010A0123761007F1D2
:101BD0000807F2D1002B3FF4BBAB80468946FFF7E4
:101BE000B7BB049B002B7FF442AEDDE90412C2F3C5
:101BF0001303002B3FF412AF39E629460D9A204615
:101C0000FCF754FF05464BE5002A12DD2946012268
:101C100020460493FCF7AAFF51460546FDF71EF83F
:101C20000028049B40F31881392B00F0F9800BF158
:101C30003103B94609F8013B079B01333746079347
:101C40004646B0E50995069C049D02460B46FAF708
:101C500069FE52465B4680468946FBF797F860B9B5
:101C600052465B4640464946FBF768F800283FF479
:101C7000CEAC099BD9077FF5CAAC039A04E471681E
:101C80002046FCF767FD0746002800F00E81336907
:101C900002339A0006F10C010C30F8F777F8394658
:101CA00001222046FCF762FF804606E6DDE90823B4
:101CB0009F1AD3E4392B00F0B380B9460133B9E75A
:101CC000079A01323746079246464DE52946204697
:101CD000FCF7ECFE0546E3E4C05A01000000F07F8B
:101CE0004859010020590100DDF84CA0814901EB61
:101CF000CA01DDE9102351E9020101F0EDFDCDE952
:101D000010014946404601F0F9FF0646FAF756FF32
:101D10000B46024649464046FAF702FE039F5346E9
:101D20003036012B07F8016B8046894600F0B780FA
:101D3000139E039B1E44704B00224046494601F00F
:101D4000CBFD8946804601F0D9FF8246FAF736FF7F
:101D50000AF1300A02460B4640464946FAF7E0FDD2
:101D600007F801ABBE4280468946E4D1634B0022AE
:101D7000DDE91001FAF7D6FD42464B46FAF7E8FFD7
:101D8000002864D1DDE910235C490020FAF7C8FD82
:101D900042464B46FAF7FAFF00283FF4ADABB14696
:101DA000013E19F8013C302BF9D0149B0133079305
:101DB00009E5169BC3F13603D0E6089B002B3FF4E0
:101DC0006FAB129B002B7FF797AB079A013ACDE9D7
:101DD00013324046484B0022494601F07DFD8046C3
:101DE00089460AF10100FAF7E9FE42464B4601F046
:101DF00073FD434B0022FAF795FDA1F15073CDE935
:101E000010011193FFF7C7BADDE90A894FF0020A02
:101E1000FFF79EBA079B013307933123FFF73BBBC4
:101E2000079BBB4601330793392337460BF8013B29
:101E30004646A8E44FF0000A56463DE699463EE481
:101E4000109D139C149B01330793B146BBE4149B74
:101E5000039A0793FFF718BB7FF4EBAEDA077FF521
:101E6000E8AEE1E6DDF854B0109D139CFFF744BBEB
:101E7000392BD5D0B9F1000F3FF7D9AED9E6229B67
:101E8000022B3FF705AECDF81C808DE5229B022B7F
:101E90003FF7FEAD129BCDF81C80089305E53E464A
:101EA00064E74FF0020AFFF753BA164B16483A465A
:101EB00040F2EF21FEF7E0FF0026E66331462046C0
:101EC000FCF748FC039050B90E4B0F48002240F23B
:101ED000AF11FEF7D1FF0D4B0393FFF7F9B8039B4A
:101EE000A3634FF0FF3312930893012323960C93BF
:101EF000FFF702BB48590100000024400000E03F0A
:101F000000001C40AC580100C45A0100B45A010042
:101F100070B5054684B05BB11C4669B10E4B2846CE
:101F2000D3F8E0602346B047431C0FD004B070BD27
:101F300000F582740029F1D1074A2346D2F8E06007
:101F400028460A4601A9B047431CEFD100228A2344
:101F500022602B6004B070BDD48EFF1F00B583B02B
:101F6000DDF810C0CDE9003C4FF0FF3301F0B6FBC7
:101F700003B05DF804FB00BF0EB410B583B005AB31
:101F8000064C53F8042B01930146206800F0C4F876
:101F900003B0BDE8104003B0704700BF6091FF1F61
:101FA0002DE9F04F9368176883B09246002B70D0EC
:101FB00081468A6808680C46083743E0A38913F411
:101FC000906F2ED0D4E90416A0EB010806EB46066C
:101FD00006EBD67608F1010076102844B04232466E
:101FE00084BF064632465B0537D511464846FBF7A7
:101FF0002FFA019000283AD042462169F7F7C6FE31
:10200000A289019B22F4906242F08002A281A6EB99
:10201000080203EB08006661A260236120602E467F
:10202000A84642465946FCF705F8DAF80830A26897
:102030002068921B40445B1BA2602060CAF80830F5
:102040003BB3083757E902B5002DFAD0AA4216462D
:102050009046B3D92E46A846E3E74846FBF7B4FCC2
:1020600003460028D3D121694846FCF757FAA389D3
:102070000C2243F04003C9F800204FF0FF30A38149
:1020800000220023CAF80820CAF8043003B0BDE8D3
:10209000F08F00200023CAF8043003B0BDE8F08FB1
:1020A0002DE9F84F4B6E9C0490462DD5936812682D
:1020B00043B38B46064602F1080959E9025A5FEA22
:1020C0009A0715D0043D002401E0A7420ED055F830
:1020D000041F5A46304601F051FA431C04F1010432
:1020E000F3D10023C8E90133BDE8F88FD8F80830F0
:1020F0002AF0030AA3EB0A03C8F8083009F108091B
:10210000002BDAD10020ECE701F008F80023C8E941
:102110000133BDE8F88F00BF2DE9F04FC5B00DF1D8
:10212000500A8346039116460021082250461C4659
:102130000793FBF7FBFFBBF1000F04D0DBF8343053
:10214000002B00F0A186039A536EDB0740F11C853B
:10215000B2F90C108AB2950409D4039B41F40051E2
:1021600099818AB219465B6E23F400534B661007BF
:1021700040F10481039B1B69002B00F0FF8002F0FB
:102180001A030A2B00F008810023CDE91933CDE9A9
:102190000D331BAA0B93189291460C930593B046EE
:1021A0004446A64BD3F8E450FCF744F822460346D5
:1021B00012A9CDF800A05846A847002800F0408199
:1021C000C0F23381129A252A034601D01C44E8E765
:1021D000B4EB0806054640F03781002361788DF89E
:1021E000433004F1010806934FF0FF371E462B24BD
:1021F00008F10108A1F120035A2B00F26581DFE804
:1022000013F09F02630163019A026301630163019A
:102210006A0063016301670277026301720281024F
:1022200063017C025B005B005B005B005B005B00AA
:102230005B005B005B006301630163016301630199
:10224000630163016301630146028400630163016A
:10225000630163016301630163016301630163015E
:10226000E2006301630163011D026301C4026301B3
:102270006301940563016301630163016301630109
:102280006301630163016301460286006301630128
:102290006301B70286007F006301AA026301E702BF
:1022A000E400D7027F0063011D027C007205630118
:1022B0006301740563017C00A1F13003002218F86A
:1022C000011B02EB820203EB4202A1F13003092B56
:1022D000F5D906928EE75846FEF7E8FC43680D9361
:1022E0001846FCF74DF80E9005465846FEF7DEFC02
:1022F00083680C93002D40F0DF8498F8001077E796
:1023000098F8001046F0200672E746F01006B40672
:1023100040F17881079B073323F007031A46596879
:1023200052F8083B07920A460029C0F27A84791CC9
:1023300000F0A78526F08001029153EA020100F027
:1023400048840A2B72F1000180F0498530338DF802
:102350000F31029E012304930DF20F14049BBB4224
:10236000B8BF3B460293002308939DF84330002BEF
:1023700000F0B880029B01330293B3E0039D5846FE
:10238000294601F03FF8002840F05686AA8902F05D
:102390001A030A2B7FF4F8AE0399B1F90E30002B23
:1023A000FFF6F2AE4B6EDB0702D4970540F11886BC
:1023B000039923463246584600F070FE0590059872
:1023C00045B0BDE8F08F46F0100616F0200200F090
:1023D0002681079B073323F0070319465A6851F8F3
:1023E000083B079126F480610291002100208DF8BE
:1023F0004300781C00F00082029820F0800653EA27
:10240000020040F0F881002F40F04385002940F0A1
:10241000E483029B13F00103049300F02084302333
:102420008DF80F310DF20F1498E708220021504665
:10243000FBF77CFE01231C44B3E600BFD48EFF1FD4
:10244000B4EB080605461AD0199B1A9A0133324498
:10245000072BC9E900861A9219931ADD002A00F0A9
:10246000B483039918AA5846FFF71AFED8B90DF19C
:102470006C09059B33440593002D7FF4AEAE1A9B87
:10248000002B40F0CA85039B0022B3F90C3019924F
:102490000CE009F10809ECE7B346089B1BB1089969
:1024A0005846FCF73BF8039BB3F90C30039A526E85
:1024B00012F0010F9AB200F09C80500600F1C8851E
:1024C000059845B0BDE8F08F0029D8D000238DF8DD
:1024D000433001238DF8AC10029304932BAC0023FE
:1024E00008931F4616F00203099302D0029B0233A1
:1024F000029316F084030A9305D1069B029A9D1A53
:10250000002D00F39482DDE91903411C9DF843205E
:1025100082B101220133C9F8042007290DF14302D9
:10252000CDE91913C9F8002000F36482084609F1C7
:1025300008090131099ADAB111AA0233C9F8002059
:1025400007294FF00202CDE91913C9F8042040F31E
:102550006982002B00F05883039918AA5846FFF7A8
:102560009FFD002899D1DDE919030DF16C09411C8B
:102570000A9A802A00F08281049ABD1A002D00F385
:10258000E081049AC9F8004013440729CDE91913E2
:10259000C9F8042040F36C81002B00F09E8203995F
:1025A00018AA5846FFF77CFD00287FF476AF1A9BE7
:1025B0000DF16C09750705D5069A0299541A002C7D
:1025C00000F39582DDE9052102988142ACBF5218E3
:1025D00012180592002B40F0FE81089900231993F0
:1025E000002900F048815846FBF798FF0DF16C096F
:1025F000D6E59C053FF561AF039CA06DFBF7B6FEE9
:10260000A2895AE7F006079A00F13E83710640F16D
:10261000388332F9043B0792DA17114684E616F044
:102620001003079940F0288316F0400000F0208343
:102630001A4651F8043B07919BB2D3E6079B1A4612
:1026400000238DF84330134653F8044B0293002CBB
:1026500000F02D84532900F08A8316F0100540F015
:1026600086837B1C00F0CC843A4629462046FEF740
:1026700037FB0890002800F0B884031B029A0493EB
:1026800023EAE3732F460792029308956DE64329E8
:1026900002D0F50640F15283079D0822002116A8BA
:1026A0002BACFBF743FD16AB55F8042B21465846DF
:1026B000FFF72EFC03460133049000F0CE84049B08
:1026C000079523EAE373029300238DF8433006E76E
:1026D000079B53F8042B0692002A80F2BB82069ACD
:1026E0005242CDE9062398F8001046F004067FE533
:1026F00098F800108DF843407AE598F8001046F0FD
:10270000800675E5424612F8011B2A2900F0B084C4
:10271000A1F13003092B90464FF000073FF66AAD58
:1027200018F8011B07EB870703EB4707A1F13003FC
:10273000092BF5D95EE598F8001046F0010657E53B
:102740009DF84330002B7FF4D8AD202398F800107B
:102750008DF843304CE598F800106C2903BF98F8C9
:10276000011046F0200608F1010846F010063FE58A
:1027700098F80010682903BF98F8011046F4007615
:1027800008F1010846F0400632E546F010030293D6
:10279000029B13F0200200F02582079B073323F0F1
:1027A000070319465A6851F8083B079101211DE6B5
:1027B000079A46F00203029352F8043B079247F649
:1027C0003002ADF84420A14A0B92022100220DE60E
:1027D000B70600F16782F50600F16183740600F127
:1027E000EE83B00540F15B83079B059953F8042BFA
:1027F00007931170D4E4029601293FF4A2AD022997
:1028000044AC11D10B9803F00F011B09415C04F893
:10281000011D43EA0273120953EA0201F3D1029E39
:1028200044AB1B1B049399E503F00701DB0843EA63
:102830004273D208303153EA0205204604F8011DE4
:10284000F2D1029EF307EBD53029E8D030230238CD
:1028500004F8013C44AB1B1A029E049304467DE538
:10286000049B1B9401221C931A9319920DF16C097D
:1028700009F108099EE60DF16C0991E4069A029DA2
:10288000551B002D7FF778AE102D40F3D3831946EA
:1028900043460994B846039C37465E469B4607E08C
:1028A00000F1020C09F108091046103D102D1FDD42
:1028B000674BC9F80030421C10311023072ACDE9BC
:1028C0001921C9F80430EBDD18AA002900F08C802A
:1028D000214630460DF16C09FFF7E2FB00287FF43A
:1028E000DBADDDE91901103D102D00F1010CDFDC3D
:1028F0005A46099CB3460B463E4647469046544AC4
:10290000C9F804502B44BCF1070FCDE919C3C9F82D
:10291000002040F3A781002B00F02C83039918AA14
:102920005846FFF7BDFB00287FF4B7AD049ADDE9F8
:102930001903BD1A002D00F101010DF16C097FF79B
:1029400020AE102D32DD194643460994B046039C53
:102950005E4610279B4607E000F1020C09F10809CA
:102960001046103D102D1ADD421C394B1031072A3C
:10297000C9E90037CDE91921EEDD18AA29B32146AE
:1029800030460DF16C09FFF78BFB00287FF484AD16
:10299000DDE91901103D102D00F1010CE4DC5A466F
:1029A000099C0B46B346614646469046284AC9F8FC
:1029B00004502B440729CDE91913C9F8002000F36E
:1029C000F38009F108090131DBE54FF0010C0846FD
:1029D0000DF16C09C5E7039918AA5846FFF760FB8B
:1029E00000283FF4FAAD58E54FF0010C08460DF110
:1029F0006C095AE7002B00F00C81039918AA58467D
:102A0000FFF74EFB00287FF448ADDDE919030DF117
:102A10006C09411C8EE5022311AA1C931B92012113
:102A20000DF16C09084609F10809411CA0E5102DBB
:102A300040F3E282DDE91913184643460F94B84685
:102A4000039C37465E469B460CE000BF245A0100BB
:102A5000305B010001F1020C09F108091146103D3B
:102A6000102D1DDDB24BC9F800304A1C1030102368
:102A7000072ACDE91920C9F80430EBDD18AA30B3D4
:102A8000214630460DF16C09FFF70AFB00287FF460
:102A900003ADDDE91910103D102D01F1010CE1DC51
:102AA0005A460F9C0346B34660463E46474690460C
:102AB0009F4AC9F804502B440728CDE91903C9F8E7
:102AC000002000F3B68009F10809411C1EE501460B
:102AD0004FF0010C0DF16C09C1E7760719934AD547
:102AE000069A0299541A002C45DD0DF16C09102C40
:102AF00040F39D821999039E102506E0881C09F178
:102B000008091146103C102C1ADD4A1C8848103365
:102B1000072AC9E90005CDE91923EFDD18AA2BB36F
:102B200031465846FFF7BCFA00287FF4B6ACDDE921
:102B30001913103C102C01F101000DF16C09E4DCBB
:102B40007B4AC9F8044023440728CDE91903C9F892
:102B500000207FF737AD73B1039918AA5846FFF7E5
:102B60009FFA00287FF499AC1A9B2BE501201946A7
:102B70000DF16C09C6E7DDE9053202998A42ACBF66
:102B80009B185B18059328E5039BB3F90C108F0580
:102B90008AB23FF5E0AA1D46986DFBF7E5FBB5F953
:102BA0000C108AB2FFF7D7BA002B3FF459AE039945
:102BB00018AA5846FFF774FA00287FF46EAC1999EA
:102BC0001A9B01310DF16C09DBE419920DF16C09CE
:102BD0004FE4002F7FF4BAAB029E0027049744AC69
:102BE000FFF7BCBB029B13F0100354D1029A12F002
:102BF000400000F0678107991A4651F8043B07919D
:102C00009BB20121FFF7F2BB012118460DF16C09BF
:102C1000AEE4099A002A5ED1184601210DF16C0933
:102C2000A6E45B4262EB420202962D200121FFF7EF
:102C3000DEBB002B00F08D80039918AA5846FFF7E1
:102C40002FFA00287FF429ACDDE919030DF16C0996
:102C5000411C5BE498F800100793FFF7C9BA44AC35
:102C6000FFF77CBB09F108090CF10101604683E420
:102C700016F4007240F0918151F8043B0791FFF780
:102C8000B1BBB30500F1828152F8043B0792DA1719
:102C90001146FFF749BB079951F8043B0791012101
:102CA000FFF7A4BB079B059853F8041B0793C217B3
:102CB000C1E90002FFF774BA0C9B002B3FF41DAB77
:102CC0000C9B1B78002B3FF418AB98F8001046F4CF
:102CD0008066FFF78DBA022311AA1C931B92012074
:102CE0000DF16C099FE6029652E5124B0B9316F01C
:102CF00020025FD0079B073323F0070318465A686A
:102D000050F8083B0790F40709D553EA020006D0B3
:102D10008DF84510302146F002068DF8441026F457
:102D2000806102910221FFF761BB034B0B93DEE749
:102D3000205B0100245A0100385A0100079B012141
:102D400053F8042B02918DF8AC20079304912BAC1F
:102D5000BAE49DF84320002A40F02681099A002A0F
:102D60007FF459AE184601210DF16C0904E40021ED
:102D7000082216A81394FBF7D9F9791C00F0B28049
:102D8000002507942C460CE02BA95846FFF7C0F805
:102D9000421C204400F06181B84208DC00F06581EB
:102DA0000446139A525916AB0435002AECD1049408
:102DB000079CA5E016F0100307980CD116F040040C
:102DC00005D01A4650F8043B07909BB29BE716F4D7
:102DD000007240F0D58050F8043B079093E70299C9
:102DE000CDF8208001F48066DDF8308004974FF044
:102DF000000C44AC05E00A2B72F1000236D33B46CE
:102E00002A46DFF890E2991841F10001AEFB010576
:102E100025F0030000EB9500091A581A4FF0CC3545
:102E200062F1000705FB00F50EFB0755A0FB0E70D5
:102E3000054407F0010E0520AEFB000E40187F0888
:102E4000303004F8010C47EAC5770CF1010C013C65
:102E50006D08002ECFD098F800106145CBD1BCF1A1
:102E6000FF0FC8D00A2B72F100026CD244AB1B1BBF
:102E7000049FCDF83080029EDDF820800493FFF798
:102E80006DBA0296FFF75DBA5846FBF71FF8FFF7D9
:102E90005AB9012902967FF4B2ACFFF757BA079BE3
:102EA000059953F8042B11600793FFF779B9062FA2
:102EB0003B46029A784C079228BF0623049302935C
:102EC000FFF70DBB029B079913F4007214BF51F872
:102ED000043B51F8043B07911CBF0246DBB20121C1
:102EE000FFF784BA16AB00930023194613AA58467D
:102EF000FFF734F803460133049000F0AE801394DA
:102F0000049B7BB3632B62DC002308932BAC082269
:102F1000002116A8FBF70AF9049D16AB009313AA2B
:102F20002B4621465846FFF719F8854240F0AB8002
:102F3000029B049A07930023A3541F4622EAE273DC
:102F40000293FFF712BA0E9B0D99E41A1A46204617
:102F5000FBF73EF998F801300BB108F101084FF08A
:102F6000000C4CE7029B0793049B02931F460893B7
:102F7000FFF7FBB9012118460DF16C09FFF7FCBA08
:102F800050F8043B07902246DBB2BCE612F9043B42
:102F90000792DA171146FFF7C7B951F8043B0791BA
:102FA0000246DBB2FFF71EBA01231C9301210DF18B
:102FB00043031B930DF16C090B46FFF7B7BA079B50
:102FC000059953F8042B07931180FFF7E9B8591CB2
:102FD0005846FAF73DFA044600283ED0089096E796
:102FE000886DFBF7C3F9FFF7E3B9029B04970297DB
:102FF0000793089FFFF7B9B919981A9B013057E555
:10300000029B07932046FBF7BBF920EAE0732F46AB
:10301000049002930895FFF7A8B9039918AA584697
:10302000FFF73EF800283FF42EAAFFF73CBA1998A4
:10303000013085E58C4662E4039B5B6ED90707D4BB
:10304000039B9B899A0503D4039B986DFBF78EF92C
:103050004FF0FF330593FFF733BA039AB2F90C3000
:1030600043F040039381FFF721BA079C049747E799
:10307000079B98F8011053F8047B0793904647EAA2
:10308000E777FFF7B5B8039A938943F0400393813C
:10309000FFF703BACDCCCCCC4C5A0100F0B51F469B
:1030A0008B89ADF26C4D23F00203ADF80C304B6E02
:1030B0001993CB89ADF80E30CB6907934B6A09930E
:1030C0001AAB009304934FF48063154606460293AF
:1030D000059316A800230C460693FBF741F92A46F0
:1030E0003B4669463046FFF717F8051E07DB694681
:1030F0003046FDF7B1FD002818BF4FF0FF35BDF891
:103100000C305B0603D5A38943F04003A3811698D6
:10311000FBF728F928460DF26C4DF0BD9368002BA3
:1031200000F081802DE9F04FB1F90C300C46190701
:10313000804683B0174698B223D523690BB310F0AD
:1031400002033D682BD04FF0000ADFF8B4B25646B8
:103150005E453346524628BF5B464046002E4FD060
:10316000E169D4F824C0E047002852DDBB681B1A8F
:103170008244361ABB60002BEAD1002003B0BDE8C0
:10318000F08F2146404600F03DF9002840F03481A0
:10319000B4F90C303D6898B210F00203D3D110F0AE
:1031A000010942D14E463EB38205D4F808B040F141
:1031B0008180B3455A4600F2B18010F4906F40F020
:1031C000BE80206801924946FAF734FFA368019A4D
:1031D000A3EB0B012368A1601344B24623600026D1
:1031E000BB68A3EB0A03D144BB60002BC5D0B4F984
:1031F0000C0080B2002ED7D1D5E900960835D2E771
:10320000D5E900A60835A3E721464046FDF724FD91
:1032100080B3B4F90C3043F040034FF0FF30A3818A
:1032200003B0BDE8F08F002070471E46BA469946AD
:1032300018461F4666B388B34A46D4E904C32068DB
:10324000A168B24228BF3246604504D901EB030BA6
:103250005A4500F3A780934264DCE169D4F824C0A6
:103260003A464046E047B0F1000BD2DDB9EB0B091E
:10327000CAD00120DAF80830A3EB0B035F44A6EBB9
:103280000B06CAF80830002B3FF477AF002ED2D1DE
:103290006E682B460835002EFAD01F6832460A2188
:1032A0003846FDF71DFD002800F09D800130A0EBA1
:1032B0000709C1E720682369984217D86269B242BA
:1032C00014D86FF00043B34228BF3346E16993FB43
:1032D000F2F3D4F824C002FB03F340464A46E04729
:1032E000B0F1000A95DDA6EB0A0679E7B345DA46A8
:1032F00028BFB24652464946FAF79CFEA3682268A8
:10330000A3EB0A035244A3602260002BEBD12146B9
:103310004046FDF7A1FC0028E5D07AE72068B346D7
:1033200032464FE739460192FAF784FE019AA368C4
:103330009B1AA360236813442360934696E723688F
:103340002169A3EB010B636903EB430A0AEBDA7A09
:103350000BF101034FEA6A0A33445345524684BFD6
:103360009A46524643052CD511464046FAF770F866
:1033700000283BD05A4621690190F6F707FDA28943
:10338000019B22F4906242F08002A28103EB0B00C9
:103390002361AAEB0B03C4F814A0A3602060B3461A
:1033A00032460FE739465A46FAF744FE23685B4433
:1033B000236021464046FDF74FFC00283FF456AFFE
:1033C00027E74046FAF700FB03460028DED12169D3
:1033D0004046FBF7A3F8B4F90C300C2223F080032D
:1033E000C8F8002017E7721C914626E70C22B4F9B2
:1033F0000C30C8F800200EE74FF0FF30BEE600BFEB
:1034000000FCFF7F38B5314B1B6805460C4613B1F5
:103410005A6B002A4ED0B4F90C3018079AB21CD55A
:10342000216929B312F0010007D00020A060606973
:103430004042A06139B1002038BD950758BF60698E
:10344000A0600029F7D1120658BF0846F4D543F012
:103450004003A3814FF0FF3038BDD1062ED552076F
:1034600014D4216943F00803A3819AB20029D9D169
:1034700002F42070B0F5007FD4D02146284600F039
:103480003FF9B4F90C3021699AB2CBE7216B51B105
:1034900004F14002914204D02846FBF73FF8B4F90A
:1034A0000C300022226321690022C4E9001223F0BB
:1034B0002403D7E71846FAF709FDACE7092243F0E1
:1034C00040032A604FF0FF30A38138BD6091FF1F99
:1034D0002DE9F04383B0074688461446FAF7AAFE62
:1034E000012803D108F1FF33FE2B37D90DF1040970
:1034F000424604F15C0349463846FEF709FD421C8A
:10350000064633D028B39DF804C0002509E023689F
:103510005A1C226083F800C00135B54219D219F84F
:1035200001CFA368013B002BA360F0DAD4F818E0C8
:10353000734561462246384602DBBCF10A0FE6D1EC
:1035400000F04AF9431CE7D10646304603B0BDE817
:10355000F0834646304603B0BDE8F0835FFA88FC4E
:103560008DF804C006460DF10409CEE7A389304664
:1035700043F04003A38103B0BDE8F08330B5536E40
:1035800013F0010FB2F90C30144683B005469AB21D
:1035900001D198051CD5900406D4626E43F4005303
:1035A00042F40052A381626622462846FFF790FF4C
:1035B000636EDA07054602D4A3899B0502D5284627
:1035C00003B030BDA06DFAF7D1FE284603B030BD80
:1035D000A06D0191FAF7C8FEB4F90C3001999AB2C6
:1035E000D9E700BF2DE9F04F89B0DDE9138A129FBA
:1035F0000191814603921E46B8F1000F55D0019B00
:10360000002B57D0039B1D68002F63D0741E2EB370
:10361000019B0293043D00260AE0019B13BB2A682C
:10362000002A35D0BC4557D2013C631C664615D0F4
:10363000D8F8003055F8042F0093DAF8E0C0D8F835
:1036400004B0434605A94846E047421C37D000EB8A
:10365000060CBC45E1D9009BC8E9003B304609B0E7
:10366000BDE8F08F00280CDD029B18445A1E05A906
:1036700000F1FF3E11F8013B02F8013F7245F9D11C
:103680000290039B1A6804321A602A68002AC9D182
:10369000019B0BB1039B1A600CF1FF3600223046F0
:1036A000C8F8002009B0BDE8F08F019B00F58678CE
:1036B000002BA7D1039B4FF0FF371D68A6E70646F6
:1036C0008A2100223046C9F80010C8F8002009B04D
:1036D000BDE8F08F3E46C1E76646BFE710B584B04F
:1036E000054C0698009007980190044800680294E1
:1036F000FFF778FF04B010BDD48EFF1F6091FF1F4D
:103700002DE9F0418B890C46990796B008D504F154
:1037100043030122C4E90432236016B0BDE8F081FE
:10372000B4F90E100029064625DB6A4600F0ACF815
:1037300000281FDB019D05F47045A5F50055B5FA7D
:1037400085F54FF480686D094FF4006741463046B7
:10375000F9F77EFEE0B1B4F90C30C4F8148043F000
:10376000800320602061A38135BB3B43A38116B059
:10377000BDE8F081A38913F0800519D04FF040080F
:103780000025414630462F46F9F762FE0028E2D177
:10379000B4F90C309A05C0D423F0030304F14302BA
:1037A00043F002030121C4E90421A3812260B4E7AC
:1037B0004FF480682F46C9E7B4F90E10304600F088
:1037C00079F810B9B4F90C30CFE7A38923F00303DB
:1037D00043F001031BB2C8E7F8B50D461446064690
:1037E00010B1436B002B4CD0B4F90C20A369A3603B
:1037F000170790B21BD52369CBB1EDB281042F46D8
:1038000022D522686169D31A994229DD0133A16862
:103810000139A160511C2160157062699A4227D05C
:10382000A389DB0701D50A2D22D03846F8BD2146F1
:103830003046FFF7E7FD08BBB4F90C20236990B2CE
:10384000EDB281042F46DCD442F40052A281626EB4
:10385000616922F4005262662268D31A9942D5DC6B
:1038600021463046FDF7F8F940B922680123CEE73A
:1038700021463046FDF7F0F90028D6D04FF0FF374B
:10388000D3E7FAF723FBAFE770B50C46084D0346C4
:103890000026204611461C462E60F6F795FB431C79
:1038A00000D070BD2B68002BFBD0236070BD00BF23
:1038B00068D7FF1F38B5074D0022044608462A6026
:1038C000F6F788FB431C00D038BD2B68002BFBD0DB
:1038D000236038BD68D7FF1F70B54FF0FF0C4CF464
:1038E000E06C1CEA11541DBF1CEA135594EA0C0F3E
:1038F00095EA0C0F00F0DEF82C4481EA030621EA79
:103900004C5123EA4C5350EA013518BF52EA0335B3
:1039100041F4801143F4801338D0A0FB02CE4FF065
:103920000005E1FB02E506F00042E0FB03E54FF095
:103930000006E1FB03569CF0000F18BF4EF0010E8D
:10394000A4F1FF04B6F5007F64F5407404D25FEA89
:103950004E0E6D4146EB060642EAC62141EA55513C
:103960004FEAC52040EA5E504FEACE2EB4F1FD0C7E
:1039700088BFBCF5E06F1ED8BEF1004F08BF5FEAFC
:10398000500E50F1000041EB045170BD06F00046AE
:1039900046EA010140EA020081EA0301B4EB5C045B
:1039A000C2BFD4EB0C0541EA045170BD41F4801153
:1039B0004FF0000E013C00F3AB8014F1360FDEBF78
:1039C000002001F0004170BDC4F10004203C35DA54
:1039D0000C341BDC04F11404C4F1200500FA05F3D7
:1039E00020FA04F001FA05F240EA020001F0004278
:1039F00021F0004110EBD37021FA04F642EB0601EE
:103A00005EEA430E08BF20EAD37070BDC4F10C0417
:103A1000C4F1200500FA04F320FA05F001FA04F2DB
:103A200040EA020001F0004110EBD37041F10001C7
:103A30005EEA430E08BF20EAD37070BDC4F12005D2
:103A400000FA05F24EEA020E20FA04F301FA05F23A
:103A500043EA020321FA04F001F0004121FA04F2E2
:103A600020EA020000EBD3705EEA430E08BF20EAB2
:103A7000D37070BD94F0000F0FD101F000464000EC
:103A800041EB010111F4801F08BF013CF7D041EA6E
:103A9000060195F0000F18BF704703F00046520072
:103AA00043EB030313F4801F08BF013DF7D043EA43
:103AB0000603704794EA0C0F0CEA135518BF95EAF9
:103AC0000C0F0CD050EA410618BF52EA4306D1D180
:103AD00081EA030101F000414FF0000070BD50EA9F
:103AE000410606BF1046194652EA430619D094EA29
:103AF0000C0F02D150EA013613D195EA0C0F05D113
:103B000052EA03361CBF104619460AD181EA030166
:103B100001F0004141F0FE4141F470014FF000001E
:103B200070BD41F0FE4141F4780170BD70B54FF0B9
:103B3000FF0C4CF4E06C1CEA11541DBF1CEA135539
:103B400094EA0C0F95EA0C0F00F0A7F8A4EB05041B
:103B500081EA030E52EA03354FEA013100F0888012
:103B60004FEA03334FF0805545EA131343EA1263DB
:103B70004FEA022245EA111545EA10654FEA002690
:103B80000EF000419D4208BF964244F1FD0404F549
:103B9000407402D25B084FEA3202B61A65EB0305A5
:103BA0005B084FEA32024FF480104FF4002CB6EB62
:103BB000020E75EB030E22BFB61A754640EA0C00E2
:103BC0005B084FEA3202B6EB020E75EB030E22BF22
:103BD000B61A754640EA5C005B084FEA3202B6EB63
:103BE000020E75EB030E22BFB61A754640EA9C0022
:103BF0005B084FEA3202B6EB020E75EB030E22BFF2
:103C0000B61A754640EADC0055EA060E18D04FEAAF
:103C1000051545EA16754FEA06164FEAC30343EA4F
:103C200052734FEAC2025FEA1C1CC0D111F4801F1C
:103C30000BD141EA00014FF000004FF0004CB6E715
:103C400011F4801F04BF01430020B4F1FD0C88BFB4
:103C5000BCF5E06F3FF6AFAEB5EB030C04BFB6EBBF
:103C6000020C5FEA500C50F1000041EB045170BDB2
:103C70000EF0004E4EEA113114EB5C04C2BFD4EBDF
:103C80000C0541EA045170BD41F480114FF0000E63
:103C9000013C90E645EA060E8DE60CEA135594EADF
:103CA0000C0F08BF95EA0C0F3FF43BAF94EA0C0FE2
:103CB0000AD150EA01347FF434AF95EA0C0F7FF457
:103CC00025AF104619462CE795EA0C0F06D152EAAB
:103CD00003353FF4FDAE1046194622E750EA41068F
:103CE00018BF52EA43067FF4C5AE50EA41047FF4A0
:103CF0000DAF52EA43057FF4EBAE12E74FEA410203
:103D000012F5001215D211D56FF47873B3EB62522D
:103D100012D94FEAC12343F0004343EA505311F054
:103D2000004F23FA02F018BF404270474FF00000E6
:103D3000704750EA013005D111F0004008BF6FF024
:103D4000004070474FF00000704700BF4D6F647532
:103D50006C650000436F756E7465722054696C6CFD
:103D60002043616E204572726F72203A2000FFFF7F
:103D70004D6F64756C652000207C20007C204261C2
:103D80006C20466F756E6400207C2054656D702039
:103D9000466F756E640000007C202054656D7020B5
:103DA000466F756E6400FFFF2C00FFFF4D6F64755A
:103DB0006C65202569206578697374732E205265BF
:103DC0006164696E6720766F6C7461676520616EEF
:103DD000642074656D7065726174757265207661BA
:103DE0006C756573000000004D6F64756C6520761E
:103DF0006F6C746167653A20256600004C6F7765CB
:103E000073742043656C6C20563A20256620202070
:103E10002020486967686573742043656C6C205680
:103E20003A2025660000000054656D70313A202567
:103E3000662020202020202054656D70323A2025F5
:103E4000660000004F6E65206F72206D6F726520F6
:103E5000424D53206D6F64756C65732068617665A3
:103E600020656E746572656420746865206661758E
:103E70006C7420737461746521000000416C6C20C7
:103E80006D6F64756C65732068617665206578690F
:103E90007465642061206661756C74656420737458
:103EA000617465004D6F64756C65733A20256920F7
:103EB0002043656C6C733A2025692020566F6C7422
:103EC0006167653A202566562020204176672043A9
:103ED000656C6C20566F6C746167653A2025665678
:103EE00020202020204176672054656D703A2025DF
:103EF0006643200020202020202020202020202079
:103F000020202020202020202020202020202020B1
:103F10002020204D6F64756C65202325690000000A
:103F20002020566F6C746167653A20256656202004
:103F300020282566562D256656292020202020542D
:103F4000656D7065726174757265733A20282566B7
:103F5000432D25664329000020204D4F44554C45F4
:103F6000204953204641554C5445443A0000000036
:103F7000202020204F766572766F6C746167652013
:103F800043656C6C204E756D626572732028312D0F
:103F900036293A200000000020202020556E64655C
:103FA00072766F6C746167652043656C6C204E752A
:103FB0006D626572732028312D36293A2000000089
:103FC00020202020435243206572726F7220696E58
:103FD000207265636569766564207061636B6574E2
:103FE0000000000020202020506F776572206F6E47
:103FF00020726573657420686173206F63637572E6
:1040000072656400202020205465737420666175F9
:104010006C742061637469766500000020202020A4
:10402000496E7465726E616C207265676973746540
:10403000727320696E636F6E73697374656E74005A
:1040400020204D4F44554C452048415320414C457C
:104050005254533A00000000202020204F76657211
:104060002074656D7065726174757265206F6E2065
:1040700054533100202020204F7665722074656DE6
:104080007065726174757265206F6E2054533200D2
:1040900020202020536C656570206D6F6465206161
:1040A00063746976650000002020202054686572E2
:1040B0006D616C2073687574646F776E20616374D2
:1040C00069766500202020205465737420416C655A
:1040D00072740000202020204F5450204550524F31
:1040E0004D20556E636F727265637461626C6520FA
:1040F0004572726F720000002020202047524F55F9
:104100005033205265677320496E76616C69640094
:104110002020202041646472657373206E6F7420C8
:104120007265676973746572656400FF4D6F6475CD
:104130006C65733A2025692043656C6C733A2025C1
:104140006920537472696E67733A2025692020567E
:104150006F6C746167653A20256656202020417691
:10416000672043656C6C20566F6C746167653A20FC
:1041700025665620204C6F772043656C6C20566F67
:104180006C746167653A202566562020204869676F
:10419000682043656C6C20566F6C746167653A20CB
:1041A0002566562044656C746120566F6C74616797
:1041B000653A20257A6D5620202041766720546587
:1041C0006D703A2025664320000000004D6F647535
:1041D0006C6520230000000056000000202043658D
:1041E0006C6C00002054656D7020313A2000000096
:1041F000432054656D7020323A20000043205465FE
:104200006D7020333A20000043207C2042616C20F6
:10421000537461743A2000FF30780000306200006F
:1042200054000000460000005452554500000000B4
:1042300046414C534500FFFF202D20004445425588
:1042400047000000494E464F000000005741524EC3
:10425000494E47004552524F5200FFFF476F6F646F
:1042600042796500526573657474696E6720746F76
:1042700020666163746F72792064656661756C7421
:104280007300FFFF534F43203A2000002020667543
:10429000656C2070776D203A2000FFFF424D53205F
:1042A000537461747573203A200000004553532005
:1042B0004D6F6465200000003A20556E64657256AB
:1042C0006F6C7461676520003A204F766572566F97
:1042D0006C746167652000003A2043656C6C20496E
:1042E0006D62616C616E6365200000003A204F765C
:1042F00065722054656D7020000000003A20556EF4
:104300006465722054656D70200000003A204F767D
:104310006572566F6C746167652053746F72616764
:10432000652000003A20554E68617070793A0000AF
:104330003A20486170707920000000004572725385
:10434000743A200020426F6F742000002052656193
:10435000647920002050726563686172676520008F
:104360002044726976652000204368617267652089
:1043700000000000204572726F7220007C204143D3
:104380002050726573656E74207C00007C204B6544
:1043900079204F4E207C00007C42616C616E636925
:1043A0006E67204163746976650000004F75743A4A
:1043B0000000000020436F6E743A000031000000DE
:1043C0003000000020496E3A00FFFFFF4C6F77205D
:1043D00052616E67653A200053696E676C652049CB
:1043E0006E3A200056616C756520414443303A2096
:1043F00000000000206D4100486967682052616E2E
:1044000067653A20000000006D4100006D412020EA
:1044100000FFFFFF2F2F2F2F2F2F2F2F2F2F2F2F6B
:104420002F2F2F2F2F2F2F2F2F2F2F2F2F2F2F2F9C
:104430002F2F2F2F2F2F2F2F2F2F2F2F20534F4343
:1044400020534554202F2F2F2F2F2F2F2F2F2F2F3B
:104450002F2F2F2F2F2F2F2F2F2F2F2F2F2F2F2F6C
:104460002F2F2F2F2F2F2F2F2F2F2F2F2F000000E9
:104470004C6F772052616E6765200000486967685D
:104480002052616E67650000416E616C6F677565F3
:104490002053696E676C65200000000043414E6246
:1044A000757320002520534F432000006D416800A4
:1044B00070756C6C20696E204F55543600000000FA
:1044C00070756C6C20696E204F55543700FFFFFFEC
:1044D0002043616C6962726174696E672043757212
:1044E00072656E74204F6666736574203A3A3A3A84
:1044F0003A2000002E0000002063757272656E7411
:10450000206F666673657420312063616C69627226
:1045100061746564200000002063757272656E74BA
:10452000206F666673657420322063616C69627205
:10453000617465642000FFFF5000FFFF20436F643B
:1045400065642053657474696E6773204C6F616491
:1045500065642000206D41682052657365742000F9
:1045600031202D2054656D702053656E736F72205D
:1045700053657474696E673A0000000032202D2084
:10458000566F6C7461676520556E6465722057685C
:1045900069636820546F2049676E6F7265204365B8
:1045A0006C6C733A000000006D56000071202D20E5
:1045B000476F206261636B20746F206D656E7500BC
:1045C00031202D2043656C6C204368617267652043
:1045D000566F6C74616765204C696D697420536512
:1045E00074706F696E743A200000000032202D2034
:1045F0004368617267652048797374657273697383
:104600003A20000033202D205061636B204D6178EB
:10461000204368617267652043757272656E743AF3
:1046200020000000342D205061636B20456E642013
:104630006F66204368617267652043757272656EAC
:10464000743A2000352D20436861726765722054EA
:104650007970653A2000000052656C617920436FE3
:104660006E74726F6C0000004272757361204E4C64
:104670004735787800000000566F6C7420436861FD
:104680007267657200000000456C74656B204368BA
:104690006172676572000000456C636F6E2043684D
:1046A000617267657200000056696374726F6E2FE5
:1046B000534D4100436F64610000000050796C6FFE
:1046C0006E202D2054455354494E47204F4E4C598F
:1046D000000000004F75746C616E64657220436861
:1046E0006172676572000000362D20436861726751
:1046F00065722043616E204D7367205370643A20C9
:10470000000000006D53000037202D2043686172C7
:1047100067657220485620436F6E6E656374696FDB
:104720006E3A200020426568696E6420436F6E74A3
:104730006163746F7273000044697265637420541E
:104740006F20426174746572792048560000000041
:1047500039202D2043686172676520437572726548
:104760006E7420646572617465204C6F773A200026
:104770002043000030202D205061636B20436F6C7C
:1047800064204368617267652043757272656E7458
:104790003A200000416C61726D20616E64205761A7
:1047A000726E696E672053657474696E6773204D0D
:1047B000656E750031202D20566F6C746167652021
:1047C0005761726E696E67204F66667365743A2032
:1047D0000000000032202D2043656C6C20566F6C69
:1047E0007461676520446966666572656E636520FD
:1047F000416C61726D3A200033202D2054656D703C
:10480000205761726E696E67204F66667365743AF1
:104810002000000034202D204F76657220616E64E8
:1048200020556E64657220566F6C74616765204414
:10483000656C61793A200000206D5300436F6E74FF
:104840006163746F7220616E6420476175676520D3
:1048500053657474696E6773204D656E7500000052
:1048600031202D205072654368617267652054695C
:104870006D65723A2000000032202D205072654391
:1048800068617267652046696E6973682043757256
:1048900072656E743A20000033202D2050574D2051
:1048A000636F6E746163746F7220486F6C64203044
:1048B0002D323535203A000034202D2050574D2020
:1048C000666F72204761756765204C6F7720302DC9
:1048D000323535203A00000035202D2050574D202C
:1048E000666F722047617567652048696768203088
:1048F0002D323535203A000036202D2045535320E7
:104900004D61696E20436F6E746163746F72206FC6
:10491000722054726970203A00000000547269706D
:10492000205368756E7400004D61696E20436F6E90
:10493000746163746F7220616E6420507265636885
:104940006172676500000000446562756720536509
:104950007474696E6773204D656E7500546F676778
:104960006C65206F6E2F6F666600000031202D2071
:1049700043616E204465627567203A0032202D2025
:1049800043757272656E74204465627567203A00E3
:1049900033202D204F757470757420436865636BE8
:1049A000203A000034202D20496E70757420436831
:1049B00065636B203A00000035202D2045535320BD
:1049C0006D6F6465203A000036202D2043656C6CC5
:1049D000732050726573656E742052657365742020
:1049E0003A00000037202D20476175676520446537
:1049F000627567203A00000038202D20435356206E
:104A00004F7574707574203A0000000039202D2015
:104A1000446563696D616C20506C616365732074DB
:104A20006F2053686F77203A000000004375727260
:104A3000656E742053656E736F722043616C69629A
:104A4000726174696F6E204D656E750063202D2054
:104A5000546F2063616C6962726174652073656E66
:104A6000736F72206F6666736574000073202D206B
:104A700043757272656E742053656E736F72205445
:104A8000797065203A20000020416E616C6F677577
:104A900065204475616C2043757272656E74205395
:104AA000656E736F7220000020416E616C6F6775D8
:104AB000652053696E676C652043757272656E740C
:104AC0002053656E736F7220000000002043616EFA
:104AD0006275732043757272656E742053656E73D0
:104AE0006F722000556E646566696E656400000033
:104AF00031202D20696E766572742063757272653F
:104B00006E74203A0000000032202D20507572652E
:104B100020566F6C74616765206261736564205311
:104B20004F43203A0000000033202D20437572725D
:104B3000656E74204D756C7469706C69636174691D
:104B40006F6E203A0000000034202D20416E616C11
:104B50006F677565204C6F772052616E67652043E3
:104B60006F6E763A00000000206D562F4100000065
:104B700035202D20416E616C6F677565204869672F
:104B8000682052616E676520436F6E763A000000C0
:104B900036202D2043757272656E742053656E73D6
:104BA0006F72204465616462616E643A00000000C7
:104BB000206D560038202D2043757272656E74206A
:104BC0004368616E6E656C204368616E67654F7601
:104BD00065723A002041000037202D43616E20436A
:104BE000757272656E742053656E736F72203A0031
:104BF000204C454D204341423330302F353030205A
:104C00007365726965732000204C454D2043414215
:104C1000353030205370656369616C2000000000FE
:104C2000204973615363616C65204956542D5320AC
:104C3000000000002056696374726F6E204C796E1C
:104C4000782056452E43414E205368756E740000FF
:104C5000426174746572792053657474696E677308
:104C6000204D656E7500000072202D205265736521
:104C70007420414820636F756E74657200000000F7
:104C800066202D20526573657420746F20436F6415
:104C900065642053657474696E67730031202D203C
:104CA00043656C6C204F76657220566F6C7461673B
:104CB0006520536574706F696E743A2000000000BF
:104CC00032202D2043656C6C20556E646572205631
:104CD0006F6C7461676520536574706F696E743AA8
:104CE0002000000033202D204F7665722054656D22
:104CF000706572617475726520536574706F696E4A
:104D0000743A20004300000034202D20556E646565
:104D1000722054656D70657261747572652053659B
:104D200074706F696E743A200000000035202D20E9
:104D300043656C6C2042616C616E636520566F6CDC
:104D40007461676520536574706F696E743A2000F2
:104D500036202D2042616C616E636520566F6C7445
:104D6000616765204879737465727369733A2000CE
:104D700037202D2041682042617474657279204388
:104D8000617061636974793A200000004168000035
:104D900038202D205061636B204D61782044697369
:104DA0006368617267653A200000000039202D2099
:104DB00043656C6C20446973636861726765205653
:104DC0006F6C74616765204C696D697420536574FC
:104DD000706F696E743A200030202D20536C61761C
:104DE0006520737472696E677320696E20706172DA
:104DF000616C6C656C3A200061202D2043656C6C01
:104E00007320696E20536572696573207065722026
:104E1000537472696E673A200000000062202D20F2
:104E2000736574706F696E7420313A200000000061
:104E300063202D20534F4320736574706F696E7427
:104E400020313A002500000064202D207365747025
:104E50006F696E7420323A200000000065202D201A
:104E6000534F4320736574706F696E7420323A201B
:104E70000000000067202D2053746F726167652069
:104E8000536574706F696E743A20000068202D209D
:104E90004469736368617267652043757272656EF9
:104EA00074205461706572204F66667365743A2091
:104EB000000000006A202D204469736368617267F6
:104EC000652043757272656E742054656D706572ED
:104ED000617475726520446572617465203A2000C2
:104EE0006B202D2043656C6C20446973636861728C
:104EF000676520566F6C74616765204879737465C7
:104F000072657369733A20004D454E5500000000EC
:104F1000446562756767696E672050617573656483
:104F2000000000004669726D7761726520566572F7
:104F300073696F6E203A200062202D2042617474E4
:104F40006572792053657474696E677300000000A0
:104F500061202D20416C61726D20616E642057616B
:104F6000726E696E672053657474696E67730000B2
:104F700065202D204368617267696E6720536574F0
:104F800074696E677300000063202D204375727290
:104F9000656E742053656E736F722043616C696235
:104FA000726174696F6E00006B202D20436F6E7408
:104FB0006163746F7220616E64204761756765205C
:104FC00053657474696E67730000000069202D20BA
:104FD00049676E6F72652056616C75652053657404
:104FE00074696E677300000064202D20446562754B
:104FF000672053657474696E6773000071202D20FB
:1050000065786974206D656E7500FFFF6D41200045
:10501000457874656E6465642049443A203078258B
:105020002E386C582020444C433A202531642020EF
:10503000446174613A0000002C3078252E336C589E
:105040002C66616C73652C25316400002052454D3F
:105050004F54452052455155455354204652414DD9
:10506000450000002C203078252E325800FFFFFF2D
:10507000496E7075743A200031204F4E2020000098
:1050800031204F464620000032204F4E20200000A5
:1050900032204F464620000033204F4E2020000093
:1050A00033204F464620000034204F4E2020000081
:1050B00034204F46462000FF737461742E74787458
:1050C0003D00000020416374697665200000000007
:1050D000736F632E76616C3D00000000736F633167
:1050E0002E76616C3D00000063757272656E742EE1
:1050F00076616C3D0000000074656D702E76616C09
:105100003D00000074656D706C6F772E76616C3DAC
:105110000000000074656D70686967682E76616CC8
:105120003D000000766F6C742E76616C3D000000CF
:105130006C6F7763656C6C2E76616C3D00000000CF
:105140006869676863656C6C2E76616C3D00000071
:105150006669726D2E76616C3D00000063656C6C53
:1051600064656C74612E76616C3D00FF50726563FE
:105170006861726765212121000000004D61696E40
:10518000204F6E21212100004F76657220566F6CF2
:105190007461676520547269700000005265736520
:1051A00074204F76657220566F6C74616765205469
:1051B000726970204E6F7420436861726765640085
:1051C000556E64657220566F6C7461676520547209
:1051D00069700000526573657420556E64657220B5
:1051E000566F6C746167652054726970000000002E
:1051F00020202021212120556E646572766F6C7409
:10520000616765204661756C7420212121000000D2
:105210002020202121212053657269657320436578
:105220006C6C73204661756C742021212100000094
:10523000202020212121204D4F44554C45204D490F
:105240005353494E472021212100FFFF53746172BF
:1052500074696E67207570210000000053696D70DD
:10526000424D53205632205657000000526561735C
:105270006F6E20666F72206C617374205265736567
:10528000743A200053746F70204D6F646520416341
:105290006B6E6F776C65646765204572726F722004
:1052A00052657365740000004D444D2D41502052ED
:1052B0006573657400000000536F667477617265F2
:1052C0002052657365740000436F7265204C6F63F4
:1052D0006B7570204576656E742052657365740039
:1052E000506F7765722D6F6E205265736574000084
:1052F00045787465726E616C2050696E20526573DA
:10530000657400005761746368646F6728434F5089
:1053100029205265736574004C6F7373206F66208B
:1053200045787465726E616C20436C6F636B2052BC
:1053300065736574000000004C6F7373206F662006
:105340004C6F636B20696E20504C4C205265736526
:10535000740000004C6F772D766F6C746167652068
:1053600044657465637420526573657400000000C1
:10537000537461727465642073657269616C20692D
:105380006E7465726661636520746F20424D532EA2
:10539000000000005265636F7665727920534F43B9
:1053A0003A2000FF41626F727420696E2043414EC3
:1053B00020626567696E2E20436F756C646E27747A
:1053C0002066696E642061207375697461626C6522
:1053D000206261756420636F6E6669672100FFFF5C
:1053E0002280240322032480050E08090D0C0607E1
:1053F0000F040013031F050E08090D0C06070F0408
:105400001F1F1F1F1F1F1F1F1F1F4053435F1A1601
:10541000171B1D1E1F1F08091F1F1F1F1F1F031FF4
:1054200000131F1F08091F1F1F1F1F1F1F1F850598
:10543000040607841F1F435F40531A121F1B1D1EC3
:105440003C80044000100000041A0000FF7F0000B0
:1054500011100000359200000C080000000200004E
:10546000000200000B0700004002000000020000E4
:105470000D0E000040020000000200000A020906B2
:10548000141715160F0000000002000000020000B3
:105490000002000000020000000200000002000004
:1054A00000020000000200000002000001010202F0
:1054B000040408081000000000FFFFFF00000000C7
:1054C000000000008D940000B194000041950000A0
:1054D0003D9500003995000035950000319500009C
:1054E00055940000119500000D95000005950000F1
:1054F000FD940000F5940000E5940000D5940000B0
:10550000D1940000C9940000C1940000659500008A
:1055100085950000A5950000459500009994000030
:10552000819400000000000000000000FD950000D4
:1055300021960000B1960000AD960000A9960000EB
:10554000A5960000A1960000C59500008196000078
:105550007D960000759600006D960000659600002F
:1055600055960000459600004196000039960000CF
:1055700031960000D5960000F596000015970000C2
:10558000B596000009960000F19500006E616E006E
:10559000696E66006F7666006FF07F0303700378B4
:1055A00013F0800FFBD07047080000000C000000D3
:1055B0000A000000090000000B0000004008FE4344
:1055C00040A004404408FE4344A004400018FE43A9
:1055D00000C004403000FE43309004403400FE43DD
:1055E000349004401C18FE431CC004401018FE43B5
:1055F00010C004400818FE4308C004400C18FE43C5
:105600000CC004400C10FE430CB004401010FE43CC
:1056100010B004401810FE4318B004401C10FE43A4
:105620001CB004401410FE4314B004400418FE43A0
:1056300004C004400010FE4300B004400008FE43D4
:1056400000A004400408FE4304A004400C08FE43EC
:105650000CA004400808FE4308A004401418FE43B0
:1056600014C004401818FE4318C004400410FE4340
:1056700004B004400810FE4308B004401400FE4388
:10568000149004404C08FE434CA004400420FE4308
:1056900004D004402410FE4324B004402010FE43F4
:1056A00020B004402810FE4328B004402C10FE43D4
:1056B0002CB004400020FE4300D004404808FE43C4
:1056C00048A004401000FE43109004400000000079
:1056D00000000000F5C00000EDC00000E9C00000BF
:1056E000E5C00000E1C00000DDC00000D9C000003E
:1056F000D5C0000000010000588AFF1F1200000002
:1057000000020000148AFF1F430000000003000095
:105710006C8AFF1F0000000001030904708AFF1F4C
:105720000000000002030904888AFF1F0000000037
:1057300003030904A08AFF1F00000000000000000E
:105740000000000000000000001519150000003FD7
:10575000000000BF8071313F807131BFD1F7173732
:10576000D1F717B700202020202020202020282833
:105770002828282020202020202020202020202011
:105780002020202020881010101010101010101051
:105790001010101010040404040404040404041081
:1057A000101010101010414141414141010101010F
:1057B00001010101010101010101010101010101D9
:1057C00010101010101042424242424202020202E5
:1057D00002020202020202020202020202020202A9
:1057E0001010101020000000000000000000000059
:1057F00000000000000000000000000000000000A9
:105800000000000000000000000000000000000098
:105810000000000000000000000000000000000088
:105820000000000000000000000000000000000078
:105830000000000000000000000000000000000068
:105840000000000000000000000000000000000058
:105850000000000000000000000000000000000048
:105860000000000000FFFFFF4C435F434F4C4C41E2
:10587000544500004C435F4354595045000000001C
:105880004C435F4D4F4E4554415259004C435F4E7F
:10589000554D4552494300004C435F54494D450026
:1058A0004C435F4D455353414745530042616C6C37
:1058B0006F63207375636365656465640000000051
:1058C0002F646174612F6A656E6B696E732F776FD9
:1058D000726B73706163652F474E552D746F6F6CDB
:1058E000636861696E2F61726D2D31312F73726340
:1058F0002F6E65776C69622D63796777696E2F6E9D
:1059000065776C69622F6C6962632F7374646C696C
:10591000622F6D707265632E6300FFFFFFFFFFFF54
:105920000080E03779C34143176E05B5B5B893469B
:10593000F5F93FE9034F384D321D30F94877825A67
:105940003CBF737FDD4F1575000000000000F03F85
:10595000000000000000244000000000000059404A
:105960000000000000408F40000000000088C3409D
:1059700000000000006AF8400000000080842E4112
:1059800000000000D01263410000000084D797415E
:105990000000000065CDCD41000000205FA0024264
:1059A000000000E876483742000000A2941A6D42D9
:1059B000000040E59C30A2420000901EC4BCD642CC
:1059C00000003426F56B0C430080E03779C3414377
:1059D00000A0D8855734764300C84E676DC1AB43ED
:1059E000003D9160E458E143408CB5781DAF15440B
:1059F00050EFE2D6E41A4B4492D54D06CFF08044E6
:105A0000F64AE1C7022DB544B49DD9794378EA44FA
:105A100005000000190000007D000000494E46000E
:105A20004E414E00303132333435363738396162C9
:105A30006364656600000000303132333435363738
:105A4000383941424344454600000000286E756CD9
:105A50006C2900FF20202020202020202020202032
:105A60002020202030303030303030303030303076
:105A7000303030302C2066756E6374696F6E3A205A
:105A800000000000617373657274696F6E202225D7
:105A90007322206661696C65643A2066696C6520D2
:105AA000222573222C206C696E65202564257325C0
:105AB000730A00FF496E66696E6974790000000020
:105AC0004E614E002F646174612F6A656E6B696E62
:105AD000732F776F726B73706163652F474E552D0F
:105AE000746F6F6C636861696E2F61726D2D3131F7
:105AF0002F7372632F6E65776C69622D6379677798
:105B0000696E2F6E65776C69622F6C6962632F73A3
:105B100074646C69622F64746F612E6300FFFFFF11
:105B20002020202020202020202020202020202075
:105B30003030303030303030303030303030303065
:105B4000F8B500BFF8BC08BC9E4670475DE4000095
:105B500035040000857A0000098A000045920000A3
:045B6000F8B500BFD5
:105B640038B50A4B0A4DD3F8A040C3F8A04005E06D
:105B740055F823309847631E1C4005D094FAA4F3CB
:105B8400B3FA83F3002CF3D138BD00BF00D0044036
:105B9400C889FF1F38B50A4B0A4DD3F8A040C3F893
:105BA400A04005E055F823309847631E1C4005D0FB
:105BB40094FAA4F3B3FA83F3002CF3D138BD00BFF5
:105BC40000C00440A889FF1F38B50A4B0A4DD3F81A
:105BD400A040C3F8A04005E055F823309847631E61
:105BE4001C4005D094FAA4F3B3FA83F3002CF3D148
:105BF40038BD00BF00B004407889FF1F38B50A4B98
:105C04000A4DD3F8A040C3F8A04005E055F823306E
:105C14009847631E1C4005D094FAA4F3B3FA83F3A7
:105C2400002CF3D138BD00BF00A004402889FF1F19
:105C340038B50A4B0A4DD3F8A040C3F8A04005E09C
:105C440055F823309847631E1C4005D094FAA4F3FA
:105C5400B3FA83F3002CF3D138BD00BF00900440A5
:105C6400F088FF1F010000006400000064000000D1
:105C740053494D502045434F53494D5020424D53B5
:105C84001806000038060000BA00000001000000F9
:105C9400020000000000A040C9AA03001000000098
:105CA4000A00000001000000E8030000C800000032
:105CB40032000000983A00000100000000000101D9
:105CC40000010101010201010202010203010203B8
:105CD400020204020205020205030206030207038C
:105CE4000207040307040307050407050407060560
:105CF400070606070606070707070700C45401003E
:105D040000000000E80300000000000055B7000098
:105D14002C55010000000000E80300000000000012
:105D240059B700000A0400000CD9FF1F0800000046
:105D34008DA000008DA000008DA000008DA00000AB
:105D44008DA000008DA000008DA000008DA000009B
:105D54008DA000008DA000008DA000008DA000008B
:105D64008DA000008DA000008DA000008DA000007B
:105D74008DA000008DA000008DA000008DA000006B
:105D84008DA000008DA000008DA000008DA000005B
:105D94008DA000008DA000008DA000008DA000004B
:105DA4008DA000008DA000008DA000008DA000003B
:105DB4008DA000008DA000008DA000008DA000002B
:105DC4008DA000008DA000008DA000008DA000001B
:105DD4008DA000008DA000008DA000008DA000000B
:105DE4008DA000008DA000008DA000008DA00000FB
:105DF4008DA000008DA000008DA000008DA00000EB
:105E04008DA000008DA000008DA000008DA00000DA
:105E1400280000001A0000004000000009000000F3
:105E2400280000000A000000280000001A000000FA
:105E3400400000002800000008010100D4560100C1
:105E440000000000E803000000000000FFFFFFFF67
:105E54000100000009024300020100C032090400ED
:105E640000010202010005240010010524010101C2
:105E740004240206052406000107058203100040DD
:105E840009040100020A00000007050302400000A3
:105E940007058402400000001201100102000040C6
:105EA400C0168304750201020301000004030904FF
:105EB40018035400650065006E00730079006400E7
:105EC400750069006E006F00160355005300420010
:105ED4002000530065007200690061006C0000003E
:105EE4000C0300000000000000000000000000009F
:105EF400000000000000000000000000000000009E
:105F0400B88AFF1FB88AFF1FC08AFF1FC08AFF1FFD
:105F1400C88AFF1FC88AFF1FD08AFF1FD08AFF1FAD
:105F2400D88AFF1FD88AFF1FE08AFF1FE08AFF1F5D
:105F3400E88AFF1FE88AFF1FF08AFF1FF08AFF1F0D
:105F4400F88AFF1FF88AFF1F008BFF1F008BFF1FBB
:105F5400088BFF1F088BFF1F108BFF1F108BFF1F69
:105F6400188BFF1F188BFF1F208BFF1F208BFF1F19
:105F7400288BFF1F288BFF1F308BFF1F308BFF1FC9
:105F8400388BFF1F388BFF1F408BFF1F408BFF1F79
:105F9400488BFF1F488BFF1F508BFF1F508BFF1F29
:105FA400588BFF1F588BFF1F608BFF1F608BFF1FD9
:105FB400688BFF1F688BFF1F708BFF1F708BFF1F89
:105FC400788BFF1F788BFF1F808BFF1F808BFF1F39
:105FD400888BFF1F888BFF1F908BFF1F908BFF1FE9
:105FE400988BFF1F988BFF1FA08BFF1FA08BFF1F99
:105FF400A88BFF1FA88BFF1FB08BFF1FB08BFF1F49
:10600400B88BFF1FB88BFF1FC08BFF1FC08BFF1FF8
:10601400C88BFF1FC88BFF1FD08BFF1FD08BFF1FA8
:10602400D88BFF1FD88BFF1FE08BFF1FE08BFF1F58
:10603400E88BFF1FE88BFF1FF08BFF1FF08BFF1F08
:10604400F88BFF1FF88BFF1F008CFF1F008CFF1FB6
:10605400088CFF1F088CFF1F108CFF1F108CFF1F64
:10606400188CFF1F188CFF1F208CFF1F208CFF1F14
:10607400288CFF1F288CFF1F308CFF1F308CFF1FC4
:10608400388CFF1F388CFF1F408CFF1F408CFF1F74
:10609400488CFF1F488CFF1F508CFF1F508CFF1F24
:1060A400588CFF1F588CFF1F608CFF1F608CFF1FD4
:1060B400688CFF1F688CFF1F708CFF1F708CFF1F84
:1060C400788CFF1F788CFF1F808CFF1F808CFF1F34
:1060D400888CFF1F888CFF1F908CFF1F908CFF1FE4
:1060E400988CFF1F988CFF1FA08CFF1FA08CFF1F94
:1060F400A88CFF1FA88CFF1FB08CFF1FB08CFF1F44
:10610400B88CFF1FB88CFF1FC08CFF1FC08CFF1FF3
:10611400C88CFF1FC88CFF1FD08CFF1FD08CFF1FA3
:10612400D88CFF1FD88CFF1FE08CFF1FE08CFF1F53
:10613400E88CFF1FE88CFF1FF08CFF1FF08CFF1F03
:10614400F88CFF1FF88CFF1F008DFF1F008DFF1FB1
:10615400088DFF1F088DFF1F108DFF1F108DFF1F5F
:10616400188DFF1F188DFF1F208DFF1F208DFF1F0F
:10617400288DFF1F288DFF1F308DFF1F308DFF1FBF
:10618400388DFF1F388DFF1F408DFF1F408DFF1F6F
:10619400488DFF1F488DFF1F508DFF1F508DFF1F1F
:1061A400588DFF1F588DFF1F608DFF1F608DFF1FCF
:1061B400688DFF1F688DFF1F708DFF1F708DFF1F7F
:1061C400788DFF1F788DFF1F808DFF1F808DFF1F2F
:1061D400888DFF1F888DFF1F908DFF1F908DFF1FDF
:1061E400988DFF1F988DFF1FA08DFF1FA08DFF1F8F
:1061F400A88DFF1FA88DFF1FB08DFF1FB08DFF1F3F
:10620400B88DFF1FB88DFF1FC08DFF1FC08DFF1FEE
:10621400C88DFF1FC88DFF1FD08DFF1FD08DFF1F9E
:10622400D88DFF1FD88DFF1FE08DFF1FE08DFF1F4E
:10623400E88DFF1FE88DFF1FF08DFF1FF08DFF1FFE
:10624400F88DFF1FF88DFF1F008EFF1F008EFF1FAC
:10625400088EFF1F088EFF1F108EFF1F108EFF1F5A
:10626400188EFF1F188EFF1F208EFF1F208EFF1F0A
:10627400288EFF1F288EFF1F308EFF1F308EFF1FBA
:10628400388EFF1F388EFF1F408EFF1F408EFF1F6A
:10629400488EFF1F488EFF1F508EFF1F508EFF1F1A
:1062A400588EFF1F588EFF1F608EFF1F608EFF1FCA
:1062B400688EFF1F688EFF1F708EFF1F708EFF1F7A
:1062C400788EFF1F788EFF1F808EFF1F808EFF1F2A
:1062D400888EFF1F888EFF1F908EFF1F908EFF1FDA
:1062E400988EFF1F988EFF1FA08EFF1FA08EFF1F8A
:1062F400A88EFF1FA88EFF1FB08EFF1FB08EFF1F3A
:10630400FFFFFFFF00000200000000000300000088
:106314002CD6FF1F43000000000000000000000016
:106324000000000000000000000000000000000069
:106334000000000043000000000000000000000016
:106344000000000000000000000000000000000049
:1063540000000000430000000000000000000000F6
:106364000000000000000000000000000000000029
:1063740000000000430000000000000000000000D6
:106384000000000000000000000000000000000009
:1063940000000000430000000000000000000000B6
:1063A40000000000000000000000000000000000E9
:1063B4000000000043000000000000000000000096
:1063C40000000000000000000000000000000000C9
:1063D4000000000043000000000000000000000076
:1063E40000000000000000000000000000000000A9
:1063F40000000000B1EE000029E7000000000000EA
:1064040064570100F44401001044010010440100E9
:106414001044010010440100104401001044010024
:10642400104401001044010010440100FFFFFFFF6D
:10643400FFFFFFFFFFFFFFFFFFFF000001004153CD
:106444004349490000000000000000000000000073
:1064540000000000000000000000000000004153A4
:106464004349490000000000000000000000000053
:106474000000000000000000000000000000000018
:10648400000000002CD6FF1F94D6FF1FFCD6FF1F70
:1064940000000000000000000000000000000000F8
:1064A40000000000000000000000000000000000E8
:1064B40000000000000000000000000000000000D8
:1064C40000000000000000000000000000000000C8
:1064D40000000000000000000000000000000000B8
:1064E40000000000000000000000000000000000A8
:1064F4000000000000000000000000000000000098
:106504000000000000000000000000000000000087
:106514000000000000000000010000000000000076
:106524000E33CDAB34126DE6ECDE05000B0000003B
:106534000000000000000000000000000000000057
:106544000000000000000000000000000000000047
:106554000000000000000000000000000000000037
:106564000000000000000000000000000000000027
:106574000000000000000000000000000000000017
:106584000000000000000000000000000000000007
:1065940000000000000000000000000000000000F7
:0865A4004090FF1F6CD7FF1FA0
:00000001FF
